,评论
0,我其实怕的是这个调查结果会被顶层用做政策反馈，然后会觉得社会问题解决起来如此简单，只要顶住压力大干特干就行，什么当时提反对意见的专家学者都是纸老虎，危言耸听。当年大跃进也是同样背景从一开始15年超英赶美，后来5年再后来3年。上面提要求下面放卫星，然后上面根据下面放的卫星提高要求，下面根据上面的要求放更高的卫星，没有一个负反馈渠道。
1,一位家长退群，全国家长声援，中国式教育减压究竟还有无希望？批改学生的作业本是老师的天职，为何成了家长下班后无法摆脱的难题？老师群体真的江河日下，越来越不负责任吗？“双减新政“出台后，具体成效究竟怎样？
2,一个漂亮的小姐姐走过来，手里拿着一份调查问卷，你不想自己表现的像个傻子一样小姐姐开始记录：请问您有在上学的孩子吗？是的请问您认为孩子应该有一个快乐的童年吗是的请问您是否认为过重的学业压力会对孩子造成生理或心理上的危害吗是的请问您是否觉得现在的校外培训会对您的家庭造成较大的经济压力吗是的请问您是否想要减轻自己的经济压力吗是的那么请问您，是否赞同教育部的双减政策呢？是。。。。。的或者我们可以换一种说法一个漂亮的小姐姐走过来，手里拿着一份调查问卷，你不想自己表现的像个傻子一样小姐姐开始记录：请问您是否有在上学的孩子呢是的请问您是否担心孩子的未来发展是的请问您是否觉得孩子未来的竞争会非常的激烈是的请问您是否认为孩子应该学习更多的技能以应对日后的竞争是的请问您是否坚信公立学校的教育无法做到面面俱到呢是的那请问您是否不完全赞同双减政策呢是。。。。的？到时候我们只要发布最后一个问题就可以了，一般有信誉的统计工作者不会这么干，还好他们人不多。
3,我看了相关新闻内容。监测平台以二维码形式邀请家长无记名通过网络直接填写调查问卷，共收到5737.7万份家长问卷，99.6%的学生家长反映，本学期老师没有给家长布置作业或要求家长批改作业。基础教育“双减工作”监测平台显示，97.5%的家长对学校新学期减负提质的各项措施和成效表示满意，其中六成以上家长表示非常满意。我很好奇那2.5%的家长是什么情况，怎么想的？为什么会对双减工作不满意？据我所知，目前校内作业已经大幅减少，课后延迟放学也基本上落实了，应该说大大减少了家长的负担，孩子的学业压力也减小不少，按理说应该是皆大欢喜啊，怎么还有2.5%的家长不满意呢？这个现象值得研究一下。
4,我是属于2.5%的，因为我家老二初三了，二百多天后中考，正赶上双减，倒霉到家了，补课的学校周末两天不补课了，改周一到周五的晚八点以后，看看，到了19：30孩子放学的时候，校门口家长排队接孩子，然后到小饭馆吃碗面，急急忙忙去补课，两小时后回家，加路上时间，已经22：30了，孩子开始写学校留的作业，大概一个半小时写完，此时已经23：59了，洗漱睡觉，5分钟完事儿，上床时已经零时10分了，感觉时间比以前紧张多了，以前周日周六补课时间多充足啊，而且开学不到一月，我就填了十来个问卷调查，各种不知名的，说不上的问卷，我填表之前问候了好多次教育部门的MM，不知道教育局知道不？现在我们这里周六周日补课班已经改成体能训练班了，前半小时做些体育小动作，然后写英语卷子，然后考英语体育知识(大伙应该懂)然后又讲体育英语。嗯，我正在打听有没有体育数学老师，目前还没有找到，找到了再更。
5,居然有2.5%的人是五十万小心拜登打2.5%牌
6,居然有2.5%的人是五十万小心拜登打2.5%牌
7,我先来讲几个故事，大家再来谈双减、补课的必要性吧。各位兄弟姐妹，权当一个笑话听。我做过挺长时间的小学生晚托班。说是晚托班，其实就是父母996不便接娃放学，找个人帮忙放学接娃，顺便吃个晚饭，写完作业再回家。晚托班总归比请保姆便宜，而且一般保姆其实是不懂小学生作业的。我们经常有9点钟父母才下班到这边来接娃回去的。这是前提。这里面有几个娃，我是特别关注的。第一个，简称G吧。这个小姑娘一年级，日常不及格。她妈妈不爱检查她的作业，但一直责怪她粗心。但是，粗心大多数时候只会从95分变成90分，很少有不及格是粗心引起的。G的日常对话非常正常，而且像个小大人的样子，闲聊起来接话很快。说明智商没问题。问题目会不会做，也都会做。于是我决定盯着她写作业的状态看。原来她不管做什么，过一会儿就会停下来走神。可以是冥想，也可以是玩文具，又或者倾听别的小朋友讲话。所以经常写到一半不写了，字少半边，少最后一个点，算出来答案不写跳过去等等。是否多动症，这不是我可以解决的，马上和老板讲，当天家长来接，就沟通建议送医，并强烈建议家长不要责备、打骂粗心这个问题。写作业的部分，死死盯住，刚开始走神就要提醒，并要求她自己提醒自己。经半个学期后，明显改善。学校里原来的班主任对她有成见，只批评不表扬，家长自身也有转班的意愿。我们极力赞成转班，帮助家长下定决心。成绩正常后，其母又决定全职带娃，遂离开晚托班。想来这个小姑娘以后不会再这么差了。第二个，简称L。这个小男孩两年级了，表现欲极强，极尽所能引起注意，特别是喜欢影响其他小朋友。学校里老师对其深恶痛绝，引发逆反心理，他已经开始无差别对抗所有老师。无奈的是，作为晚托班集体上课的老师，我仍然有维持秩序的基本诉求，因此也属于被对抗之列，没有任何立场来帮助他。毕竟，其他学生正常写作业的权利必须得到保障。其实对于这样的学生，一对一的心理支持，辅以家校联动，会有一定效果。要向他挑明这种做法会使人厌恶。其实学生本人绝对是知道这一点的，内心不愿意承认罢了。让他承认这样做对他自己有害，然后给他提供一个新的方法，试一试，再让其他学生配合一点，慢慢就可以有所改观。但这个只有学校里老师能做到，我管不了。由于他完全不信任我，只得放弃。L的未来非常悲观。他的学习成绩逐步下降，不愿意听课和做作业，彻底厌学是大概率事件，甚至会从对抗老师变为对抗整个社会规范，发展成反社会人格。但他的这种对抗不是天生的，而是一年级时班主任老师的解决方法不正确引起的。可以说就是一个老师毁掉了一个孩子的典型。这个孩子本来是可以教好的。第三个，简称S。这个小姑娘也是一年级。典型表现是对老师的批评不发一言。凶她会哭，但就是不说话。平时都是我接她放学，她还有一个同班同学J也在我们这里上晚托班。有一天放学后，J出来时，说S被班主任老师留下了。于是我打电话喊人支援，先把J接回去写作业，我继续等S。一直等了快两个小时，天都要黑了，S才和班主任老师一起出来。她的班主任老师非常严厉的跟我说：“你是晚托班老师对吧？你回去转告一下她家长，S这个小孩子脾气特别差的，无缘无故就打J，我问她她也不说话，就不承认。还有，她有一张练习卷要家长签字的，今天还没交，让家长回家仔细找找。”据我在晚托班上观察，J和S是非常好的朋友，经常互相讲话、一起玩耍和抄作业。所以这个事我一下子就明白怎么回事了。极大概率是课间J和S开玩笑，嘴贱说了句什么（比如嘲笑她成绩差），S有点不高兴就轻轻打了一下。小孩子嘛，互相告状很正常的，哪知道老师会这么严肃对待。老师对成绩不太好的学生又会有天然的敌视，如果S回答说“是J先骂我的”，以老师正常的态度就会回答说：“她骂你你也不可以打人啊，你可以告诉老师啊。”但是，一来她俩是朋友，为什么要告诉老师呢？二来可以想象得到，如果S真的因为J骂她去告老师，老师会站在哪一边呢？老师肯定会问有没有，然后判S一个诬告。我没有再批评S一句话。我牵着她的手，抱着晚托班的红色牌子走回去，并对她说：“S，今天这个事，我知道不是你的问题。关于打人这个事，我不会跟家长讲的。那张练习卷，你可能没有考好，但是如果你们要开家长会，最后还是要知道的，你不如自己承认。这件事你自己选择。”坦白讲，当时家校互动微信群已经很普遍了，我也不知道这位班主任老师为什么要我们晚托班老师转达，可能老师和家长之间的沟通也有些问题。也是幸好他要求我转达，我可以隐去这些错误信息，要不然S除了在学校里白受冤枉挨骂这两个小时，回家怕是还要挨顿揍。但是，你问我怎么改变这个沉默对抗的问题，我是真的没有办法。如果说什么都会被“你不要找理由”来反驳，那最好的办法自然是一句话都不说。在受一个委屈和受两个委屈之间，S选择了受一个委屈。据我观察，后来其他晚托班的老师批评她，她也是这个样，已经习惯了。我又不是主要管她那个班的，没办法。这种沉默的对抗，老师要占99%的责任。这位班主任不仅疏于观察，不知道J和S本来就喜欢闹着玩，又采取错误的批评教育方法，令学生产生对抗心态，还对学生有成见，教学成果怎么会好呢？后来，大家作业写完了做活动，我偶尔过去巡视，她会显得很高兴的样子。也许，这就是我能做的最好的部分。不是我要开地图炮，但是，绝大部分老师，都是水平很差很差的。补课的老师，尤其是一对一的老师，或者我们这种小班的，能够给某个特定小朋友更多的关注，更多的是做一些心理建设，养成良好的习惯，尽量不要厌学，不要产生对抗老师的情绪。谁小时候没犯过错，没被冤枉过？这些小朋友做的事，老师小时候没做过吗？怎么自己当老师了，这些小时候的经历都忘记了呢？在学校老师水平非常之差、家长可能长期以来已经不被信任的情况下，补课老师作为中立第三方，其实更有可能赢取学生的信任，引导学生走上正轨。我相信知乎有很多大学生做一对一家教，是真的会遇到很多厌学的小朋友，也真的能改变其中的少数几个。而这，就是家教最基本的意义。我知道禁止补课在国家的立场上，绝对是公平的。如果把全体学生当做一个完全相同的集体，那么这是没有任何问题的。但是，这些抽到垃圾老师或垃圾家长，或生了病的特殊小朋友，永远失去了第三方老师努力尝试弥补的机会。他们，也是人。我老婆一直坚定支持禁止补课，因为对大部分学生来说，补课并没有什么卵用。是的，我同意这个观点。但就那一个学期的晚托班，一共20来个小学生，有问题的除了这3个，至少还有6个。以致于连我都没有太多精力分给其他几个小朋友了。你指望学校里老师怎么办呢？考试选拔的是有良好的学习习惯和能力，并且智商高的学生。不能提前排除那些因为随机原因辍学或厌学的学生。有些小朋友厌学，可能只是因为某天被老师顺口嘲笑了一句，然后自尊心比较强，报复心也比较重。但这不是他的错，一个七八岁的小孩子，懂得什么？大人应该对此负责，而学校里老师，根本无需对此负责。顺便问一句，这个问题的排名是怎么回事，下面那个4000多赞摆事实的，怎么排名这么低，谁点的反对？这么作秀的活动你们点什么反对？嗯？觉得这种活动很好？？？带娃下楼挖蚯蚓，认识植物认识大自然，观察蚂蚁，这不好吗？？？
8,"上午发过一次，给我删了说我违规，那我就修改一下。一下原文：想起一个小时候看过的故事美国,香港,苏联三地警察抓兔子测试美国,香港,苏联三地警察的实力,联合国将三只兔子放在三个森林中,看三地警察谁先找出兔子.任务:找出兔子第一个进森林的是美国警察,他们先花整整半天时间开会制定作战计划,严格分工,然后派特种部队快速进入森林进行地毯式搜索,结果开会耽搁了时间,兔子跑了,任务失败!!!!然后轮到香港警察,他们派了一百多号人和几十辆警车在身临其境外一字排开,由带头人用喇叭喊话:&#34;兔子,兔子,你已经被包围了,快出来投降......&#34;半天过去了,没动静.飞虎队进入森林,搜索一遍,没结果,任务失败!!!!最后是苏联警察,只有四个,先打了一天的麻将,黄昏时一人拿一警棍进入森林,没五分钟,听到森林里传来一阵动物的惨叫,苏联警察一人抽着一根烟有说有笑的出来,后面拖着一只鼻青脸肿的熊,熊奄奄一息的说到:&#34;不要再打了,我就是兔子.......&#34;"
9,这个问题在这里就是多此一举。你如果相信97.5%，那又何必跑来问？莫非剩余2.5%全在知乎？你如果不相信97.5%，那又何必跑来问？你自己都知道答案了。
10,#教育部将加大查处一对一私教等违规行为#突发奇想——如果爷爷辅导孙子被儿子举报了，会不会被拘留呢？
11,这个生动形像的演示了什么叫放了一个麻花屁。中国现在那怕是强制50人一班，那也远远不够解决学生各方面问题的程度。比如良好习惯的养成，这个在家长没有足够时间，长时间跟踪式陪学情况下，学校是不管的，那凭什么别人不能花这钱了？比如知识点过关，这个学校和教师也不管了，只是大而化之的讲一下试卷，不会精确到学生，因为会拖堂和留校。有些家长讲的都不是人话了，说双减了，课是不补了，但别的家长有高学历，这也不公平。那很好解决啊，全托管式嘛，孩子生下来，你国家带走培养呗，这时就不要扯家庭教育了好吧，绝对公平了吧。家长那怕学历高，但不是人人都从事教育工作，两口子就一道数学题怎么教，打一通宵架的事，家长群和同学群里大家都叹过这气，更专业的教师，用于课外讲解，在线还是不在线的，是有需要的。学校老是要求家庭参与，但是老中青三代，你教改连教材和知识点的结构这几十年都有改动，就简单的一个汉字的笔顺，居然能整出三套标准来，搞几次以后，孩子信你个鬼，你们都是糟老头子。难道你让家长也像教师那样，每门课都写个教案？还能再无耻点不？那我不选义教，我愿交钱，义教免费是免费，它要当爷，我不惯着。说完这些家校的问题，我再问一个核心问题，以前是高考分流决定你的人生，现在提前到中学了，就这里考大家一个问题，假如你孩子出生在县城里，要怎么才能上，国家级标范中学？国家级示范校和县级示范校的评定标准是一样的吗？如果不一样，那意味着师资力量的差距，他想上更好的学校，没错吧，那他要怎么才能上呢？如果是一样的，那是不是意味着国家级的和县级的在师资上是一视同仁的，那你评个der的国家还是县级，只是行政级别的差距么？这个97.5%，也很容易达到啊，你问清华和地级市三本是不是一样的，只要家长认可说是的，你再把这问卷给他们，那没达到100%，说明有2.5%的家长，就是面带猪像，心里嘹亮的人物。所谓打击有些课堂不教，课后补。你义教三十多年了，都没标准的么？现在我女儿的班上，语文不练写作，没有阅读要求，英语不记单词，数学只刷题，不记公式。我们反映了，说这特么也是减负要求，我连教师课堂上不教，都没话说了。而且在家长群里，老师压根就没要求你报班。我接受过义教全过程，自已工作后参加过5年，也是义教这阶段的。没有这么不负责过，这那是老师，就纯看孩子的。问来问去，合着全是原义教的内容减去的。这你下文打击的是谁？是不良教师么？实在不行全给家长也干了，可是没作业和试卷，家长都是买试卷考孩子，自已打分自已补课。现在开个家长会，教师已经不讨论学校教学工作了，全是在做家庭教育指导了。不管是双减还是减负，都是给学校和孩子减，全力增压在家庭。别人不敢说，也管不了，懒得较真，你还真以为是97.5%满意。你有本事把这问卷发我女儿的家长群试试不？
12,中秋回家路过我姑家，喝了口水跟我姑聊了半天，看两个小侄子埋头在那写作业，我妈还在上班也不急着回去，就开始给俩小孩指导一下作业。从一点多指导到三点半我发现有点不对劲，这作业好像有点多，在我指导下速度明显加快大侄子的数学习题册将将写了一半，我转头问我姑，这作业也太多了，现在不是减负嘛？我姑说，老师布置的作业昨晚上就写完了，就一点点加起来不超过一个小时。我问这个习题册是怎么回事。我姑说这是我哥买的练习册，家里的作业。我心里想了想，我哥还挺狠啊。又写了大概一个小时，距离12页这个小目标还差三页，我已经渴的说不动了，大侄子太老实了，看我看着他一点也不敢开小差，埋头写了一下午了，我中途给他递牛奶递水果他头都没抬一下，一直边写边念思路（我教他的），着实让人心疼。我又问我姑，这些作业写差不多就行了，小孩子还是要给点时间玩一玩。我姑说不行，这作业老师要检查的。我说这不是家里的作业吗，练习册不是我哥买的吗？我姑说这是老师让家长自愿买的，一周检查一次。我算是彻底明白了，政策对策被玩明白了啊，不留家庭作业没说不准家长给孩子加作业啊，这些作业还统一内容，说是自愿，在学校这个小社会里面就是赤裸裸的绑架啊，没人愿意做，但是迫于形势又不得不做，没有人愿意承担这个后果，孩子怕被孤立，家长怕被老师单聊没面子，减来减去，这作业反而越来越多了。因为第二天我去我姑家借鱼竿，发现大侄子还在写作业，我以为他偷懒了，三页写这么久，没想到他快写到20页了，12页不过是昨天的小目标，第三天我去还鱼竿，大侄子还是在那做习题册，想想之前意气风发肉嘟嘟的大侄子，变成了沉默寡言，骨瘦嶙峋的样子，减负？解放天性？我十分赞同要给学生减负，但减负不只是形式上的，要做到意识形态上的减负，显然还有很长的路要走。
13,卧槽，居然还有2.5%的人不满意？？？谁给你们的胆子不满意？
14,"&#34;Therearethreekindsoflies:lies,damnedlies,andstatistics”-BenjaminDisraeli世界上有三种谎言:谎言、糟糕透顶的谎言和统计数据-英国首相本杰明·迪斯雷利"
15,有整有零的数字，看得我都不会了！这么高的满意率，和我观察到的周边人的情况差距太大了。像这种涉及自身利益的调查，交给第三方不好吗？自己评价自己的做法，实际上是在拿自己的信用去赌博！
16,从90年代就开始喊减负减负的，结果呢，是不是越减越负也不知道是出于什么原因啊，硬是一代一代的，把高年级的知识往下压到低年级。比如我爸当年高中才学的数学物理知识，我初中就学了，我中学大学才学的数学和高数知识，现在中小学的学生就学了。而且这些专业知识，毕业后根本用不到，唯一用到的地方是辅导闺蜜上小学的小孩。如果教委管这叫&#39;&#39;减负&#39;&#39;，那我是真不理解，什么才叫&#39;&#39;过重&#39;&#39;了。因为不是每一科都留作业的，所以我当年完全是可以课间时间就把作业全写完了再回家的，就这当年还在喊着要给中小学生减负呢，反观现在小孩子的作业，根本达不到当年那样。所以这20多年来，教委到底有没有减负哟
17,沉默的大多数，被代表了
18,我这里，这两天三四年级的考试成绩出来了。别大惊小怪的，每个学校政策不同。有的严格按照规定不许考试，有的是改卷子不打分数。一个不算好的消息，不少家长跟我聊自己孩子成绩下降，而且，是整个班级普遍下降。“这样下去怎么搞哦，高中都考不上。”我只能是安慰：“普遍下降，意味着你家孩子有更多的反超机会啊。”嗯？这么一讲，这家长立刻就对双减政策满意了起来。所以啊，不是那2.5%的家长不满意，只是因为工作没有做到位。
19,海明威说过：“世界上有三种谎言：谎言、该死的谎言、统计数字。”他少说了一种最糟糕的谎言：能误导决策的统计数字。
20,这题我不会！刚发现该问题不支持匿名
21,你们说的是这个事儿么？标准答案再填错，家长可以开除了。
22,大家可能不满意吗？群众纷纷喜迎油价上涨
23,话不多说，我们从孩子一大早起床开始说起：早上六点多一点，做妈妈的就要起床急匆匆洗刷一番，然后着急忙慌地做好早餐，接着就把沉迷于睡梦中的小家伙从热乎乎地被窝里拽起来。说实话，看着小的小豆虫一样的小家伙，在半睡半醒中，睁开朦朦胧胧的双眼的一瞬间，做妈妈的没几个人是不心疼的。可心疼有什么办法？这就是生活，这就是现实。好不容易把孩子晃醒了，妈妈还要一边盛饭一边催命似的喊：“快点滴，不然迟到了。”在匆匆忙忙、慌慌张张中，孩子们不紧不慢地吃饭、穿衣、背书包，然后乌龟爬行的速度下楼，然后妈妈们再骑上电车以闪电的速度快速向学校奔跑。在这里提一下，虽然妈妈们想以闪电般的速度飞奔到学校，可现实不允许。毕竟，妈妈们这小体格子，根本追不上那壮得跟变形金刚似的小汽车，更无法与好大威猛、遍地横飞的大货车相抗衡。大家只能努力在夹缝中找到一条生路，然后趁它们心情好，滋溜一下钻进去，这才能在上课铃响起之前把孩子安全、准时地送到学校门口。然后，弱小的孩子，在妈妈的叮嘱声中背起庞大而沉重的书包，消失在妈妈的视线中。这里提到庞大而沉重的书包，不得不提一句，一直以来大人对孩子有一个很深刻的误解，那就是现在的孩子都太娇气了，就连书包也得家长帮忙背着。坦白说，在孩子没进入小学之前，很多家长都是这样认为的，我也不例外。我不光认为现在的孩子太脆弱，还跟很多家长一样想:“孩子的书包就应该自己背。长辈们不得斩断孩子成长的机会。”直到有一天，我家小不点上了小学。放学后，他们喊着:“妈妈，书包压得我胳膊好疼”的时候，我才在半信半疑中帮他们提书包。这不提不知道，一提吓一跳。这小小的书包确实挺沉的。后来，我仔细看了看孩子书包里并没有太多东西。但是，因为放学后孩子们要走一段路程才能到家长接送地点。时间和路程让轻松的书包变得异常沉重。自从了解了真实原因后，我再也不觉得孩子背不动书包，是因为矫情了。虽然我还有更多家长能理解孩子的不易，却依然搞不明白孩子们为什么要把用得到的、用不到的东西都塞到书包里，然后来来回回背着？难道晚上放学后，把用不到的东西放桌洞里会被老鼠偷走吗？说完上学的事，我们继续聊放学后的事。孩子早上七点多到校，下午六点多到家，这就意味着，孩子在学校里一待就是十多个小时。这十多个小时，孩子们除了正常上课、下课、午休外，也会参加丰富多彩的社团活动。说实话，多姿多彩的学校生活，对孩子们的成长来说是十分有意义的。只不过，有一个问题是因为上学时间早，导致幼小的孩子觉不够睡。还有一个问题就是因为在学校待的时间太长，外加消化太快等原因，导致孩子们经常出现吃不饱饭的状态。从这些方面来看，学校既然要双减就应该方方面面都减，而不是减这里加那里。这样做的结果很有可能越减越重。说完这些，我们再聊一聊放学以后的事：放学后，孩子们几乎没有书面作业。但常常要忙到很晚。这是为嘛呢？因为家长们要填一些报告，做一些公众平台的任务、画手抄报，亦或者去完成一些与孩子学习任务没关系却必须得去完成的事。总体说来，双减以来书面作业量确实减下来了，但不必要的负仍然在民间跳跃，累得孩子睡不够觉，累得家长天天熬夜……好在，人在中年不得不熬去:既要熬工作的苦，也要熬教育得苦。如果你不加班，就没工资吃饭；你不加班加点搞教育，自己的孩子咋办？想来想去，工作上加不加班，工资还是只减不增（动不动被扣钱）；教育上再卷，孩子长大后大概率上还是要搬砖，还是要继续吃工作和教育的苦……想到这些，真的好想躺平。可真的要躺平吗？又有权利躺平吗？注:图片来自网络。侵删！
24,我挺想知道那些不满意的，是不满意什么。
25,一堆培训班的人在那YY作为一个家长，老师只发了个通知，之后就没管过。假如你说这样也是不会有真答案课后托管用脚投票总行了吧，一个班40多人，选择一放学就接走的就三四个，其他都至少是自习40分钟，和兴趣小组40分钟都待学校的，基本到5点，还有十多个是前面两项之后还要在学校待一个小时自习。骂这项制度的有部分是老师另外一大部分是培训班。呵呵，继续YY吧。
26,开学一个月还不到，现在就问成效的话，操之过急了些。
27,我其实怕的是这个调查结果会被顶层用做政策反馈，然后会觉得社会问题解决起来如此简单，只要顶住压力大干特干就行，什么当时提反对意见的专家学者都是纸老虎，危言耸听。
28,满意个屁！我大女儿今年小学一年级，按照双减政策，除了周末，国庆寒暑假之类的，平日里周一到周五没有书面家庭作业我是怎么想的呢以前大家都补课，大家在明面上竞争，现在好家伙，直接一二年级不写作业，你少布置也行啊，利于巩固所学，我不想自己女儿将来五五分去职校，我得在其他家孩子玩儿的时候，给她开小灶，给她买了语文数学一整套随课练，要求她每天跟随进度做，我回家检查。我相信像我这样的家长不少，都想趁着别家孩子不写作业放学后疯玩儿，自己家孩子暗暗努力弯道超车，提升学习。我想到了其他家长也肯定想到了，这样大家都暗自发力，但别的孩子是不是做两套习题？课后学习更长时间？？不行，得加码，家长更焦虑了综上，双减政策对学生来说负担更重了，作业更多了，家长更焦虑了...
29,一共发了200份问卷，195份是一个人填的？这样给出调查结果本科答辩都过不了的哦…
30,俺又要讲苏联笑话了。《真理报》记者采访了五位莫斯科市民，他们分别是政治局常委、将军、富商、克格勃和普通市民。记者询问了他们对苏联现状的看法，其余人都表示很满意，只有市民抱怨买不到过冬的煤炭。第二天，《真理报》刊登了头条文章《八成苏联人民民对苏联现状表示满意》，在报纸的背板还有一篇豆腐块大的文章《近日，克格勃逮捕了一名反苏分子》。
31,有小朋友是读公立的公立这边确实减负，暑假作业一看吓一跳那种但私立呢？网课啥的一应俱全，该上的上该补的补反正今年公立学校成绩不会很好看我也有点着急..
32,9月23日，教育部召开通气会。会上介绍，根据基础教育“双减”工作监测平台直报信息，截至9月22日，有16万所义务教育学校填报了有关信息，其中92.1%的学校建立了校内作业公示制度，64.3%的学校绝大部分学生能在规定时间内完成作业。监测平台以二维码形式邀请家长无记名通过网络直接填写调查问卷，共收到5737.7万份家长问卷，99.6%的学生家长反映，本学期老师没有给家长布置作业或要求家长批改作业。基础教育“双减工作”监测平台显示，97.5%的家长对学校新学期减负提质的各项措施和成效表示满意，其中六成以上家长表示非常满意。对比一下团中央的调研：学生家长怎么看“双减”？团中央进行50万份样本大调查问题1：学生家长对“双减”政策是否支持？调查情况显示：86.8%的受访家长支持提高校内教学质量，同时减轻学生校外培训负担。74.8%的受访家长支持减少机械重复的刷题，减轻孩子作业负担。交互分析发现，对“双减”政策越了解的受访家长，越倾向支持减轻学生校外培训负担和作业负担。具体来看，对“双减”政策非常了解的受访家长中，对减轻培训负担、作业负担的支持率分别达到91.2%（高出平均水平4.4个百分点）和86.2%（高出平均水平11.4个百分点）。而只是初步了解政策信息的家长，支持比例偏低。86.8%的受访家长支持提高校内教学质量，同时减轻学生校外培训负担。团这一项调查的是你支不支持政策，而不是说效果。我们简单来理解，如果你根本不支持这项政策，是否会对这项政策的效果表示满意？答案很明显，会。因为虽然86.8%的家长支持政策，但97.5%的家长对效果表示满意，这背后的原因，何止暖心，简直烫心。问题2：“双减”政策会不会加重家长的教育焦虑？会不会导致很多家庭不知道该怎样培养孩子了？调查情况显示：72.7%受访家长表示教育焦虑有所缓解。中等收入群体缓解比例更高。调查显示，“双减”政策实施之后，大多数受访家长表示教育焦虑有所缓解，其中34.3%的受访家长表示缓解很多（同时，也有15.1%的受访家长表示没怎么缓解，6.5%的受访家长表示更焦虑了）。交互分析发现，孩子成绩处于中等、家庭收入处于中游的受访家长觉得有所缓解的比例较高，分别达到74.4%、73.7%。这说明，“双减”给家长带来的不是焦虑加深，而是很大程度上缓解了焦虑。72.7（焦虑缓解了）+15.1（焦虑没怎么缓解）+6.5（更焦虑了）=94.3我就纳闷了，教育部调研里面有2.5%的刺头，团的调研有5.7%的无厘头，这届家长真难带。但无论如何，有100%-72.7%=27.3%的焦虑没有缓解的家长，结合教育部的调研，虽然焦虑没缓解，但表示不满意的只有2.5%。赞。总的来说，不提数据结果的结构分布等问题，团团的调研结果在逻辑上存在一定的合理性。首先，团团的调研是针对政策、针对目的的，这个立意是正常的脑袋想出来的调研，因为你一个政策推出来，政策效果的调研不可能说一个多月就很明显了。而且这个是针对教育的，对家长来说，是不是焦虑，不是说回家不做作业了，就不焦虑了。我还是用之前的那句话，不公布排名了，家长就不焦虑了，这种家长比神剧里的鬼子还弱智吧。毕竟事关孩子的终身，绝大多数家长应该说都在观望，而不可能说已经有了满意或者不满意的定论。三年五年都未必有定论，一个多月结论就出来了，把家长和孩子们当成什么了？其次，团团的调研逻辑上比如说，了解政策的人比不了解政策的人更支持政策，这当然合逻辑啊。我问你，现在你所在的街道正在选代表，这人叫王富贵，你支不支持他？另一个角度，直观就反对的人，往往就不会进一步了解了嘛。然后，比如说收入中间、孩子成绩中间的，焦虑缓解度最高，这就是大家之前说的，往上上不去了的这批人，不再纠结，躺平了。97.5%的家长对……各项措施和成效表示满意……坚决抵制抗日神剧导演当领导的现象！！！
33,减负（指大部分东西不变，让你多填一份表格，大概率还是个比较繁琐的表格）
34,又赢麻了～
35,请诸位不要看我的答案，看看各位大V回答后的成百上千点赞以及网友评论区吧，真让我这个没孩子的人庆幸万分啊。我已经不愿意回答这类问题了，我想回答的是，诸君看完这么多，差不多的评论，真是天下之大，同一个“梦想”啊。敢问家长，路在何方？
36,我擦，你敢不满意吗？人家老师明确跟你说了，咱们各位对这个减负工作要满意，你做家长的，怎么办？满意，百利而无一害。不满意，惹得孩子老师生气。换你，你满意不满意？
37,还成效？屁用没有。
38,别的不说，至少学校门口的几家店铺是富了。各种学具作业本练习本书皮文件袋啥的，都是要求要有的，家长自己去买。一年级刚开学还没发校服，要家长按要求颜色买衣服鞋子去升旗唉~
39,该问题不能匿名所以我只能说这个人调查懂得都懂不懂的也不要问了
40,我能说脏话吗？不能吗？那我只能感恩啦
41,我家娃日常记录。早上7:20起床，8:00上学，下午5点35放学，中午在学校吃饭，一天在学校理论上9小时35分钟，实际还要长一点。因为不可能卡着点进校，放学排队也要几分钟。说是早上8:30上课，结果学校要求老师8点进教室坐着，没要求孩子来，但是小孩觉得自己迟到了，非得8点去，说老师都去了害怕被批评。既然8:30上课，老师8点就坐教室里，几个意思啊？说下午不上延时课的可以3:30接回去，结果老师讲课，你接走就少听课，怎么办？傍晚5:40接到孩子，再带回家就6点多了，吃过晚饭将近7点，还要写作业到差不多8点，有时候还有英语打卡，活动拍照。忙完翻几页课外书，然后洗澡、刷牙，9点上床。一天就过完了。感觉就是孩子很累，上床就睡了。双减，在我这地方就这样。补充一下:我没有说老师不辛苦。只是对比以前，觉得双减后，比以前还累。
42,减负有啥不满意的，我就不想我儿子以后做作业做到八九点。
43,以前都是87.5%的，不知道为什么突然加了10%。可能是因为喜迎冬奥会？
44,1.有没有减负，请教委的人守在校门口，试试小学生们的书包有多重，我女儿的书包我是心疼不让她背。我一个成年人都觉得太沉了。2.学校发了二维码，调查双减政策落实情况。调查表上面只有“您的孩子读几年级，哪个学校的”，没有任何写名字的选项。为什么班主任知道我没有填写调查表，并催促赶紧填写？全都是匿名你能知道是谁写了，谁没写？
45,建议查查剩下的2.5%是什么成分，有没有不正当收入来源。一定要严防死守，不能放松警惕。
46,刚把这个新闻发给当老师的朋友看，朋友只回了一句，“他们要再不满意，我们就要死了。”学校的门房师傅发圈表示：“人已炸，不明白老师安排好的放学时间，为什么不能安安静静的等，这些爷爷奶奶要冲上来“抢”孩子。圈中另一个老师昨晚的盆友圈内容是“周末去看看墓地”开学至今的双减，执行到今天，最慌乱的，莫过于班主任。因为有各种调查问卷，填表，晚辅时间，社团时间，接孩子时间，接孩子地点。有的周一参加，周二不参加。有的参加社团但不参加晚辅。最忙碌的，莫过于主课老师。数学老师为例，早自习，两节课，四套作业本，中自习，订正，反馈过后，下午大课间后，就要进班进行作业辅导。并且，尽最大努力确保学生作业能在学校完成。越辅导越感觉时间不够用。最苦累的莫过于社团老师。副科老师每天平均至少五节课，声嘶力竭后，经过晚辅课稍事休息，由于多才多艺，被安排进各年级各班混编的社团里。社团的要求是，1要动起来，2最好不使用需要花钱的材料。避免因为买材料被家长投诉。最开心的，莫过于家长。下班不用往学校赶了。回家不用辅导作业了。没有作业问题，就再也不会收到老师的反馈信息了。外面培训班关闭，时间精力金钱也都省下了。然后，最慌乱忙碌苦累的，莫过于学生。因为课间都是头也不抬的在忙作业。所有的活动时间被集中在了大课间。四五点的时候，部分出现了无心学习的状况，因为肚子咕咕作响。晚上回家，吃饭洗澡倒头睡觉。因为一天高强度的学习和两场大课间自己社团的运动。精神身体都被充分激发。十年树木，百年树人。假以时日，如果这个政策的最终结果是，家长真的有这么高的满意度，我想，兵荒马乱成这样，那也是值得了的吧。
47,知乎城市精英中层虽然天天悲天悯人，但眼里是没有底层的，生怕取消了补习班自己的孩子会跟底层的孩子站在同一起跑线上
48,“减负”这种东西说到底就是跟“离婚冷静期”一样，就是上面一拍脑门我们“社会主义国家”怎么能有离婚这么不和谐的东西呢！赶紧给我“冷静冷静”。所谓的“减负”也是一个道理，我们“社会主义国家”怎么能有内卷这么不和谐的东西呢！赶紧给我禁了，不过是这一块作为一个产业聚集了一些资本和从业人员给了一些人YY的空间的罢了！所以扯什么选拔“有天赋”的人才扯什么打压资本的全是想太多！至于这个所谓的满意和“离婚冷静期”下离婚率暴跌一样，“被减少”的那些本打算离婚的夫妻肯定是在这个“离婚冷静期”中重归于好，破镜重圆从此过上了幸福快乐的生活，完结撒花！同样“减负”后的孩子从此就没有了升学压力高中、大学随便上，将来无论做工人、打灰、996、007还是别的什么，大家都有一个美好的未来呢！
49,这种问卷恐怕他们自己也不信。所以质疑问卷靠不靠谱的都没抓住点，这个问卷就是走个流程，至于结果多少，只要不是10%20%，都不重要。
50,周围的家长总体还是满意的，细节方面可能还有些吐槽、不满意的地方，拿1~3年级来说，以前就是下午三点放学，孩子没地方去，只能送托班，一年下来就得三万块，而且托班只是在写作业还写不完，一般回到家吃过饭还要继续写到晚上八点半，孩子也没啥玩的时间，天天闹着写完作业要看半小时动画片，很多时候都没时间给他看了。现在三点之后愿意回家的可以回家，家长没空接的在学校跟着老师看看书，唱唱歌，做做小游戏，一学期只需要交800块，家长五点半下班正好去接回家，留的作业就是看什么书，和爸妈做些游戏互动之类的任务，不需要检查，可能第二天下午做交流。我们这些家长一年省三万块，孩子也不用写那么多作业，对于我来说当然是非常满意；搞不懂为啥知乎上清一色的不满，还不少阴阳怪气的，有实际问题说实际问题啊，你特么苏联笑话美国笑话能解决问题？对于一些家长的担忧也可以理解，因为班里有五个学生没参加课后班，说是分别在外面学钢琴、舞蹈、游泳，但也有人说那几个孩子在外面参加一对一的辅导，一起的一个家长说咱孩子学得比他们少，被拉下怎么办，不过我是觉得没什么，有5%的人早跑一点无所谓，起码95%的人站在同一起跑线上，就算政策没变那5%的家庭也有各种办法提前气泡，现在家长负实打实减轻了就好。教育部说97.5%的家长满意我不信，但看知乎我还以为是97.5%的家长不满意，现实生活中，我周围家长多了不敢说，8成以上人是支持的。对了，托班和少儿培训机构的人肯定不满意啊，断人财路呢。
51,他们问卷都已经找到答案了，还问我们干啥？就满意吧～～看来我和知乎网友是那2.5%呗
52,好成绩啊豆瓣最高分电影都才9.7想起来一件旧事卢本伟开挂一事简直就是传的满城风雨，到处都是卢本伟开挂的视频和实锤，卢本伟只能直播为自己洗白，他表示：我的SKS怎么了？你们不要相信我的开挂传言！很多职业选手都能打出这种操作的，我马上问一个二线绝地求生教练，我问他我到底什么水平！然后五五开就开始了微信询问结果卢本伟一点开教练的语音，教练说：现在很多职业选手的操作，也基本达不到目前卢本伟你的水平！我卢本伟，没有开挂！！！
53,减到了，哪怕是初三面临严峻中考，家长群也不再发课堂测验成绩，无F可说。
54,这个事情，去各个学校的门口看下，学生是几点上学，几点放学，不就很清楚了吗？你让家长填表，不就是让家长说满意吗？坐标南京，目前没有任何变化，早上七点二十进学校，晚上九点半晚自习下课，周日补课半天，据说有些学校周日补课一天。
55,作为一个真的参加了相关问卷调查的家长，说点不一样的。首先问卷是真匿名的。很多答案里竖靶自打的那个靶子不存在。也许过去的经验确实让大家觉得所谓调查问卷就是种种手段诱导人违心作答的形式主义，但现在真的不是。第二，从平时和相熟的家长聊天交流中来看，大家确实满意度很高。这没什么太难理解的，只要不是焦虑爆炸的鸡娃派，其实对这几年的恶性内卷都看得很明白。第三，孩子开始有点担忧托管，后来发现意外的开心。当然她们学校的托管确实做得好，有课业辅导（做作业），有操场活动，有阅读时间，有劳动。孩子和同学相处的时间大大增加了，回家眉飞色舞地分享一起打扫卫生时那个疯劲儿让我想到了自己的学生时代。那天和人聊天才说起，现在孩子好像又回到了我们小时候，5点半放学，作业写得差不多了，在家帮着做做家务，帮着收拾收拾菜，看看电视，吃完饭还能全家去遛个弯儿，打个球，回家孩子把门关起来神神秘秘写写日记，看看小说，这在之前确实是没有的，因为时间不够。就这样。
56,“双减”政策究竟做了什么？取得的成效如何？教育圈内发生了哪些变化？家长们老师们究竟满不满意？
57,牛啊政策出台不到一个月，学生开学不到一个月甚至还没开学，就得出了这么多家长满意的结论可比七普强多了
58,第一反应，啊？这个结论和我周边的情况差别真是太大了。我是家长，不在义务教育阶段，我不满意。我认识的家长，义务教育阶段的，大部分不满意，个别满意，还有没评论的（默认无所谓）。可能我被2.5%包围了吧！
59,数据能不能编小点？或者加上哪个学校哪个班的家长这么觉得也行啊。
60,不知道这个调研是怎么做的，如何抽样的？通过什么途径实施？样本量分布式怎样的？通常情况下一个客观的满意度调研不会达到这么高的分数。至于5000多万样本得出这么高的满意率，个中原因本身就很有意思。在公司负责每年的满意度调研，虽然一再向员工声明调研是匿名的，在填写的时候大部分员工还是有顾虑，分数普遍偏高。个中原因，其实我们都懂。中秋的时候和刚外甥上初中的姐姐电话聊天，说到现在不让上补习班、学生减负的情况。负担是减了些，但焦虑感却增强了。家长现在连考试成绩都不知道，对孩子学习情况是两眼一抹黑，却又无可奈何。这种情况应该不是个案，问题也不止这些，还需正视解决！
61,这个调查问卷是调查谁？覆盖率多少？有没有采取威压手段？是家长填还是老师教孩子填？
62,呵虚假的双减：再也不用补习班真实的双减：禁止双休线上补习，工作日可以去，双休日可以线下看离线网课。减个寂寞小孩不考中考么？小孩不考高考么？学校里教的东西到底孩子跟得上么？期末考试难度降低么？最大的问题不就是学校要求孩子这会那会，但是教学速度快，小孩子知识来不及吸收只能校外补么？有的学校小学一年级就上2位数乘除法，不去补课，小孩考试比得过么？我问得两位姐姐她们都表示双减没用，孩子一个小学，一个初一。学校的教学速度和内容就是这么快，这么多。你不外面上课教补课钱，小孩就是成绩差，考不上好学校。给孩子什么样的教育环境，这和双减完全没关系，这是教育方针的问题。这97%的家长都是放羊式养娃么？我不信。你以为的双减：家长群终于没有作业要看了实际的双减：妈妈，老师上课说这些“可以”不做～好的，快点把这些做完再睡觉。
63,我不知道这种填表调查有什么意义，反正我们是按标准答案填表的狗头
64,这个问题下的一些回答，表面多角度多层次，实际不过是教培机构经营者利益受损后的疯狂反咬。但是必须要说，不管这项调查怎么样，双减工作有利于社会，而你们就是打击对象！
65,这个满意度居然比身体对疫苗的满意度低了2.5%？？？？？要知道18亿＋次的疫苗都是0死（你说不是0，来你出证明副作用是疫苗导致的我回答改成99.9999%）区区几千万几亿家长居然才97.5%，说明有的人还是嘴上不老实，明明身体很开心也没见带着孩子移民离开中国，怎么就加入那2.5%不满意的了
66,问题一：是匿名回答吗？人群范围。问题二：调查，监督，公证，是哪些人。
67,人在高考大省，小镇伪做题参与分子，曾经有幸参与到一次减负中作为小镇非积极少年，每次减负到我们这儿就属于灾难性成绩下降，和学生灾难性质量下降，每次减负政策会导致某一届或几届高考成绩大幅度下降简称，为楼上的让路因为不能匿名只说这么多当年我班主任，差不多30老老师最讨厌开始减负，因为他说，到最后是你们倒霉
68,我表示，我家孩子的问卷是我们老师发给我们的，答案也是事先圈好告知我们让我们按照固定答案选择的。我也很想真心实意的回答，奈何不愿孩子受牵连，只能不要脸的配合作假。我不知道这97.5%的问卷里有多少这样的回答。下面是新想起想要补充的内容：我小时候是在新疆某村的小学读过几年书，坦诚说，咱们提起边疆，总觉得那边特别落后，我作为河北与新疆小学生涯都度过的人来说，新疆那边真的教育理念不知道要高出内地几何。就连我儿子现在读的小学，我都觉得教育思想又死板又落后，完全赶超不上二十多年前我读的新疆小学。那边真的在认真执行素质教育，我记得学校开创了兴趣班，好像是每周有两天的下午，学校的某些教室就变成兴趣班的上课点，大家按照自己的兴趣去选择上各种课外课，我当时选了书法毛笔字，我同桌是足球，我前桌是美术。。。。。。我现在毛笔字会写横竖撇捺都是当时的书法老师教的，最关键的是完全免费。我记得每年六一学校除了举行歌舞联欢会之外，还会在各个教室举办各种竞技游戏，我记得什么盲人画鼻子，小猫钓鱼啥的，做赢游戏，那个教室里负责组织的老师就会奖励个小文具啥的，我记得我们大家都是从第一个游戏教室玩到最后一个，赢了一书包小玩意，开心极了。哦，对了，好像有个下象棋的教室，没人捧场，害的那位老师站在教室外边高声吆喝着“拉客”，那个老师从未教过我，但是他又着急又无奈的表情这么多年我都记得......除此之外，我们的小学每年还会举办什么演讲比赛，讲故事比赛啥的，还有劳动教育，讲真，三十年快过去了，那三年的小学生涯已然是我童年时期最值得追忆的生活。别觉得我们学校是啥重点小学，那只不过是新疆某靠近天山的博乐市精河县大河沿子镇下的某村的一个普通小学，名字都起的非常随性，因为在一条小河的西侧，所以叫河西小学（这么多年也不知道改了没有），就这已经完胜我儿子目前所在的学校了。什么叫素质教育，也许河北这边的素质教育就是老师布置的所谓的手抄报吧，哦对了，内容还是什么爱国啊爱党啊，孩子都不是很懂的内容，完全就是给家长布置的。
69,我也是填的全部满意，不敢不满意。（因为截图需要发班级群）事实上：家长最受不了的，其实不光是不能接，还有不能送。我们家长上午工作时间是8点，学校要求7点55以后才能送孩子去学校，谁能工作单位离学校就5分钟路啊？送孩子和迟到划等号。我身边现在现实是：家长工作时间早8-12，下午3-6。学生的在校时间是：早7：55-11点（低年级）或11：40（中高年级）。下午2：50-6。总之，低年级的学生，家里仍然必须有大人不工作专职接送孩子。
70,还有2.5%是不用手机吗？还是村里没有通网
71,怎么会不满意呢？本地初一年级：午托安排上，中午可以不回家；晚托安排上，可以在学校待到七点；据教育局的文件精神，还要探索初一开始上晚自习。家长的确是轻松了很多，但是不是眼不见心不烦那就说不准。指望多出来的在校时间，学校会安排各种丰富多彩的活动，那可能真的想多了。多的时间都会拿来卷。你以为的各类活动只是真实停留在展板中、网站图片上。所谓的双减，只是换了对象的双加；所谓的双减，沦为校长们的奉旨补课。哪有什么岁月静好，不过有人为你负重前行。关于午托：午托是有必要的，很多家长没这个条件接送。但是拜托把条件搞好一点，起码有张床。每每看到学生趴在桌子上午睡，心里很不是个滋味。关于晚托：晚托到那么晚，如果不是住宿制，真的弊大于利。把孩子都丢在学校，老师已经筋疲力尽，管不好。拜托让家长们正常下班不行吗？正常上下班才是老百姓最大的幸福感与获得感。
72,不管成效如何，这说明有2.5%的家长还不懂得感恩
73,引用古手女士的一句话可不敢不支持
74,小学一年级的家长其实还是有点焦虑的不是说双减不好，对于我们这种没有老人帮忙的家庭，课后延时服务确实帮了很大的忙这个是感激的但是放学回来问小孩学了什么，一问三不知也没啥作业，压根就不知道小孩在学校里学了什么，至于学的咋样？这一问三不知的情况能好到哪里去发愁回去还是得自己去辅导，看看小孩到底学了些啥，学的怎么样
75,初三家长来答一个。作为一个普通家庭的初三家长，家里没有权没有其他后路，孩子的成绩是目前能决定孩子未来的最大影响因子，你说这个成绩能不重视吗？孩子的成绩除了自身的努力还有就是外部的教育资源，包括学校的师资，培训等，那作为家长可以给孩子的带来的助力也就有限了。有部分家长可能非常优秀自己就可以给孩子额外辅导，但对于像我这样的普通家庭我相信大部分家长还是选择去校外培训。现在这个双减政策出来以后确实周末的补习班都已经停止了，但是丝毫没有减少我家的焦虑感。人生不能重来，在像我这样的家庭（独生子女）和社会外部条件之下，也许没有上重点没有上高中未来也可以过好，但是无疑这条路将会更辛苦，作为体验过的人我不希望我的孩子会走上这条辛苦的路。如果，我是说如果孩子本来通过努力外加课外的一些补强可以考上重点高中现在去了普高，如果本来可以去普高现在去了职校，我就问下大家这样可以接受吗？我和自己的孩子充分沟通过，接下去该补的那还是硬着头皮得去，别家孩子怎么样我们也管不着～～双减政策出发点也许是好的，只是配套的东西都没有跟上，只是单纯的一刀切，往小了说是对于学生培训的需求忽视，往大了说就是社会就业关系对等的需求选择视而不见~~至于说社会调查，家长大部分满意。。。呵呵明白的都明白。义务教育是一个12年的长期项目，现在出个政策还没有到一个月，就来说满意，这不是耍流氓嘛。。。
76,问卷在这其实也没啥好填的，三线小城政策还没响应到这我不填满意能填啥
77,我不知道双减工作具体成效如何，但对统计数据，可以说一点自己的切身经验。几年前，我做记者的时候，接到一个线索，某地某项民调造假。我跑了几条街，从很多人家拿到社区发的民调“资料”——A4纸上印着每个问题的标准答案……居民们告诉我，相关工作人员入户介绍此次民调，发放该标准答案，并告诉他们接到调查电话时照着纸上的答案回答。持续溯源发现，这不是几个街道的事，某市区主管部门曾召集辖区各乡镇、社区负责人开会，现场发放标准答案、布置民调应对方法。我的调查只到了该区相关主管部门一把手这一级。挂了该一把手的电话后，体制内和媒体打交道的牛鬼蛇神们，一个个疯狂联系我、我的同事、我的领导，有命令、有劝导、有打感情牌……总之就是让我放弃该报道。2个小时不到，某部门副部长直接跑到了我办公室，邀我出去共进晚餐。几乎同时，领导也电话我，稿件没签发，还是算了吧，不好报道……说这个故事，只是闲来无事吐吐槽，没有其他意思，也不构成对该问题的回答。
78,调查问卷呀～你们读书的时候填过学校的调查问卷吧。老师是不是会暗示，要怎么填怎么填……还有的是不是没见过问卷，结果就出来了。
79,这个统计数据，我就呵呵了，孩子班上40多个学生，貌似没几个满意这个减负的。孩子是越减越负
80,97.5%好家伙我们这边小学家长群全部都叫苦连天，考试制度不改，学习压力降低只会导致孩子落伍好么；卷的最终考核就是中考高考，这个不变，那么孩子的学习压力只会从各种外部培训班转嫁到家长身上；亚历山大
81,那2.5%的家长是什么情况？居然敢不满意？
82,双减我支持但是别搞形式主义啊还嫌反贼二鬼子们手里刀子太少了吗？
83,这个问题下的回答只有发泄情绪的吗
84,有一个好消息：取消996有一个坏消息：工资少了
85,呵呵呵！这就是我作为两个孩子家长的回答。
86,这种问卷不是选A就是选D，没什么意义。
87,我父亲是工厂主管工作很忙的那种工作黑白两班倒前几年我看他累的不行因为生了二胎弟弟在某不可名状的大城市读小学什么都要他教作业要教音标要教每天中午还要回去给弟弟做饭每天上完夜班中午还要起来做饭下午弟弟放学就要起来辅导作业小孩子又淘气你教他他还老大不乐意我觉得如果我是我父亲那种状态我是真的不舒服家长群里每天一堆事又不能不看问题是我爸自己也是管着一个月产值近千万的部门哪有时间看弟弟是继母所生继母文化程度不高帮不上忙现在教育部双减我能明显感觉到我父亲的气色变好了休息也足了（反弹一切诅咒）
88,作为一个爱搞事情的家长没有收到问卷的邀请作为一个好奇心严重的家长想法设法搞来了问卷入口作为一个敲了10多年代码的家长发现这个问卷有身份追踪不是匿名的
89,双减基本上还好，补习班又没少，可以不参加课后服务，直接去上补习班。愿意上课后服务的，就上课后服务。唯一的差别就是节假日不能上补习的了，但是可以上兴趣班。基本上没啥影响，只是提供了一种选择。
90,居然还有2.5％不满意的，这可不行，得了解一下原因
91,这个数据领导脑袋拍一下得死多少脑细胞啊
92,他们不满意？他们谁不满意？谁是他们？搞笑呢，谁问他们？
93,百姓有得钟者；欲负而走；则钟大不可负；以椎毁之；钟况然有音。恐人闻之而夺己也。遽掩其耳。恶人闻之；可也；恶己闻之；悖也。
94,你问我老师留没留作业？我肯定说没留，因为要是老师真不留一丁点儿作业的话，那我就真的不满意了。咱们都不卷了还不好？好！然后该干啥干啥
95,有多少人信？反正我不信，其他人我管不着。
96,非常成功，个人表示再也没有孩子的负担了
97,若批评不自由，则赞美无意义。
98,如果一个刚开张的餐馆这么问，我觉得情有可原，你一个大单位，一个政策刚刚开始执行，你问大家满意不满意，这是不是属于有点不负责任？最起码，过一个月再问也合适点啊。
99,这概率很奇怪，高的离谱
100,最怕的不是暴露问题，而是自欺欺人。你懂我懂大家都懂的“数据”有什么意义？何时才能真正尊重你民意？
101,这个我熟，我永远都正好是剩下的，那一小撮，不识趣的，狗肉不上正席的，不识抬举的，没有集体主义精神的，没有大局观的，不讲政治的，百分之2.5。我就不明白，我怎么打小，就正好，恁么，250呢？就不能有特么一次，我也在多数派里吗？还是稍微扣一下题吧：这个祸国殃民的蠢政策，最终必将以极其羞耻的姿势滚出历史舞台。
102,怎么可能不满意呢？谁敢哦！
103,我笑，它们说我这是幸福的笑。我哭，它们说我这是感动的哭。我说不是，我这是无奈的苦笑，绝望的痛哭。它们说，你随便，反正别人听不到你的说法，只能听到我们的！
104,保密工作出现严重失误，这种给领导看的东西怎么能泄露出来呢？这让下面同志以后工作怎么开展，维稳压力增大多少，对于这种情况相关负责人一定要深刻检讨，
105,新鲜出炉的晚上活动时间，我老婆今天和我说起来孩子一晚上都在忙，感觉没干什么事就到了九点半要小孩准备上床睡觉了，都没时间练钢琴和看课外书。坐标上海，小学二年级。我记得我小时候作业都是晚饭前就写完了，现在的孩子还是有点累，作业虽然能写完，但确实没有玩的时间和业余活动的时间。
106,不满意。娃小学，作业每天至少一个半小时到两个小时，对作业量没意见，已经习惯了。但是课后服务安排别的，回家才有时间写……吃饭和路上花一些时间，写的快的时候都到21点了，有时候作业多或写的慢一点，就没法说。喜欢阅读，但太累了，只能在睡前趴着看会书，眼睛近视怎么办？孩子的负担减了吗？学校经常突然要买东西：演出服、小白鞋，尤其是学具，总是到跟前才说，要的特别急，当家长都没事干？！虽然不涉及乱收费，但家长的负担减了吗？想生的生一个体验体验得了，不想生的就不要为难自己遭这份罪了。
107,家长能对啥不满意？
108,不满意的都在知乎毕竟高考既得利益者这就是改革的阻力
109,我反正没孩子，也大了大学也上完也工作了。我是无所谓未来孩子咋样的，这么累生来干啥比玩玩游戏任务还多
110,双减实际上减的就是家长的负担，省钱又省事，家长当然满意了，剩下的2.5%估计是当老师的家长。双减工作学生的负担有没有减可能不同的人的想法不同，但是老师的负担绝对加重了，普通家长的负担则是减小。
111,这种结论本身就不是给群众看的。
112,非常不满意，特别是语文的作业。
113,孩子经常带回家一些学校调查问卷，要家长签字：能不赞同吗？能不应该吗？敢不满意吗？
114,我一直在想中国的各种数据是怎么调查出来的，出了人口普查的时候，学校填过表，社区打过电话来，我说我在外地读书以外，这些杂七杂八的调查从来没来过我家。
115,你们是真能自欺欺人，呵呵
116,不管你信不信，反正我信了
117,我本身是支持这个政策的但这么说吧，我遇到的家长，就没一个满意的，很神奇，没有一个
118,我给一个初三学生补习过，在双减之前，他每周五五点多放学，我们有时候六点会排课。现在双减了嘛，他每天自习到晚八点然后放学，而且看起来很疲惫的样子。我问，你们不是双减了嘛？他叹了一口气。PS：最近双减了嘛，已经不补课了，但我们加过微信，平时问题什么的会有联系。
119,要管都管住，高中呢？为啥不管？衡水中学该咋样还咋样
120,调查问卷。。。喝喝~我有一个朋友。。。他盲猜教育部的这些领导们家里都没有适龄儿童没有感受过双减的优劣而我的另一个朋友义正言辞的反驳了他不是家里没有适龄儿童而是人家的适龄儿童和你家的适龄儿童能一样么？
121,调查问卷发给谁了，有多少样本。要是填调查问卷的都是一些即使减负也不会影响自己孩子教育资源和录取名额的既得利益方，那么这调查有何意义?岂不是掩耳盗铃?
122,这就太急功近利了，刚颁布的减负才几个月啊？就出成果了？说出来你信？反正我是不信的！再说了97+5%的家长，你又都问卷谁了啊？反正是没有问卷到我！你们就这样吧报告交给领导看，领到会信？这也太侮辱智商了！
123,首先想知道这个调查问卷是怎么来的？作为一个家有6年级小学生的家长，我第一个对减负这个问题反对，我身边的孩子爸爸妈妈们意见也和我差不多.还减负呢！有本事就把高考取消吧！给孩子减负上了高中负担更重！什么让孩子分层啊？确定那不就是让阶级更加明显？有钱有势有能力的上大学，让不行的孩子上技校？问题是这些孩子你怎么知道他考不上大学呢？连个机会都不给就这样扼杀这叫减负吗？
124,警惕拜登打减负牌
125,是吗？我连统计基数都没混上，真失败
126,在老师如沐春风的微笑中我完成了问卷，挽救了我。看着小女儿课上只学一点加减法，英语课不学了，很多不会的题没地方问，没有检测，没有巩固，没办法提高，我想让他把自己不会的题问问隔壁邻居老师，我拿了一点小礼品敲她的门，把她吓得差点就给我跪下，说不会就不会，别做了，她也不知道怎么回答我，我真的超级满意，只是夜深人静想到我没有不满意的选项，又有一点低落，如果确实没有另一个选项的情况下，能像北师大电梯事件那样我也满足了，能让我在问卷上按自己的想法写一句，就一个选项也可以，我不多说。起码电梯事件还是可以吐槽几句，愤慨一下的。
127,我一看到这个标题直接在课上没蚌住笑了出来。咱别搞笑了，减没减大伙儿心里都有数，没必要再提一嘴，何必呢？非要给登子递刀和牌。最后还不是得靠大伙儿感恩。
128,老师：明天家长把这个调查表填好，填满意，会有电话回访，说满意。家长：老师辛苦了。家长：老师辛苦了。家长：老师辛苦了。家长：老师辛苦了。家长：老师辛苦了。家长：老师辛苦了。家长：老师辛苦了。家长：老师辛苦了。家长：老师辛苦了。家长：老师辛苦了。家长：老师辛苦了。家长：老师辛苦了。家长：老师辛苦了。家长：老师辛苦了。家长：老师辛苦了。家长：老师辛苦了。家长：老师辛苦了。家长：老师辛苦了。家长：老师辛苦了。家长：老师辛苦了。家长：老师辛苦了。家长：老师辛苦了。家长：老师辛苦了。家长：老师辛苦了。家长：老师辛苦了。家长：老师辛苦了。家长：老师辛苦了。家长：老师辛苦了。家长：老师辛苦了。
129,报告首相，我们抓到了2.5％的现行反革命
130,我觉得我们官媒出问题了。明明是回到一个正常状态，洋洋得意什么呢？再说了虽然网络是重要阵地，但求求你们多走动走动下到民众身边调查，现在官媒简直就是网络观民情，说些讨好网友的话，好几次的新闻都是抢热度出问题，已经渐渐失去可信度。还有科技是好东西，但不是什么都用，有些传统办法好就用传统办法，不要矫枉过正了。我真心觉得咱们的宣传口，正经的官媒还是要树立几个（比如央视，新华社），和民众打一片的官媒也可以树立（各个地区的共青团），你搞得全部官媒下场和网友打闹，还为了迎合网友做一些意义不明的视频，谁能到关键时刻说句正经话让大家立马信服？
131,有谁敢说不满意吗？
132,某狐媒体：我怀疑政府收集了5700万份问卷得出的结论，所以我上知乎找120个人问问看看真假。你搜狐搁这儿挑唆民意反党反政府呢？
133,利益相关，机构老师。说实话，双减出来之后我一度很担心自己会失业。没想到秋季开学我反而觉得更轻松了。现在周内晚上上课，所以我们上班时间调整到下午1:30到晚上9:00。我早上有时间做饭，整理房间，还可以不用请假去医院，有时候还能逛街。节假日也不准上课，工作以来第一次中秋回家团圆了。虽然学生少了一点，工资也比以前少了，但我心情好了，不吃外卖，饮食作息规律了，最近还瘦了。不知道机构可以撑多久，撑不下去就休息一段时间，换个行业。最初是考虑考编，工作这几年越来越不想了。我在各个app里都看了不少老师的吐槽，基本上是各种临时通知多，朝令夕改，个别家长难沟通，工资低等等。双减之后还多了一个，工作时间长。我看到的，学校现在基本上老师的工作时间应该是在11-12个小时左右。早上7点左右到校，6点学生离校，回家做饭，备会课，改回作业，差不多该睡了。有的初高中班主任，还要查寝，11点能不能到家都还不确定。辅导机构工作时长已经比较长了，我们压力最大的续班期我每天的工作时长差不多11-12小时，那段时间我的状态就是，易怒，暴躁，累，睡不饱，饮食不规律导致长胖，胃疼，经常爆痘，免疫力下降，经常生病感冒。但一放假，休息一段时间，这些症状都减轻了。这也是我比较担心学校老师的一点，每天身心俱疲，怎么上好课呢？不知道家长会不会满意，但我知道的学校教师朋友感觉人都要废了。
134,农村学校老师一枚且不说课后服务让人崩溃就说练习册都只有一本，就很纠结。没有作业啊，不能考试啊。怎么检测学生们是否学会了呢？如何巩固呢？倒是减负了，但是真的对学生好吗？孩子们不做练习能会吗？不考试都觉得自己棒棒哒，觉得自己会了。感觉现在是矫枉过正。过犹不及啊，呼吁适度
135,成效调查问卷请对以下问题选择是否满意问题1...问题40提示：全选满分或全选不满意将无法提交
136,双减政策正在实施，教培机构深受打压，孩子们被五花八门的辅导班也将喘口气，但是中国高考的严峻形式并没有改变，家长和孩子为了重点学校，优质学历该往哪里冲呢？一.“‘双减’将为留学送来春风”2020年6月，在海外疫情最严重的时期，教育部等八部门引发《关于加快和扩大新时代教育对外开放的意见》，明确提出要“坚持教育对外开放不动摇，主动加强同世界各国的互鉴、互容、互通，形成更全方位、更宽领域、更多层次、更加主动的教育对外开放局面。”出国留学无疑是教育对外开放事业的重要方面，留学生也扮演着国际文化交流使者的角色。其次，长期依赖校外培训的家长们也将会产生更大的危机意识：“孩子学习差，怎么补救？想拔高冲击重点大学的路子又在哪里呢？”伴随这样的烦恼，很多家长把目光投向出国际课程，让孩子更早的出国留学。（对于双减政策你有什么想法，欢迎评论）二.双减是要减轻孩子的负担，高中准备出国提升是否多此一举？高考的难度没有因双减政策而降低，重点大学的录取分数线没有因双减政策而消失，与别人竞争的压力更没有因此而减少！困难一点都没有变，但学习的机会大大减少，“一考定终身”的局面带给学生和家长无疑是更多的焦虑和不安，所以让孩子高中着手国际课程，是为了孩子将来出国留学铺上更好的道路。三.留学生纷纷返校，浦东机场惊现排队长龙，疯抢十万元天价机票正值开学季，很多海外高校已经发出通知让学生返校。自8月1日起，美国放松留学生赴美限制，允许持有FM签证的留学生直接从中国前往美国，并且省去了在第三国隔离两周的程序。与此同时，加拿大也进入了留学生入境的高峰时段。就在前一段时间，一组照片在网上疯传，说的是在上海浦东机场，最近有不少中国留学生排队值机去美国和加拿大上学。据上海边检站透露，暑运期间，浦东机场的旅客吞吐量再创新高，达到34万人次。有的航班等待值机和送行的队伍更长达千米，高达十万元的天价机票也再次出现。（思考一下，如果你是家长，会买这张机票吗）四.高考的严峻从未改变，追求优质教育仍在路上中国家长对待孩子的教育是一点马虎不得，虽然现在压力和考试负担减低，但高考还是“千军万马过独木桥”，我们国家一直是靠学历说话，专科，三本不断在弱化，重点名校，高学历才是学生一直向往的方向。即使在疫情和双减政策双重威胁之下，家长和同学们还是追求更优质的教育资源和让孩子具备全球化的竞争力“放手一搏”，为孩子选择另辟蹊径，出国读高中或者本科。（父母都是不停的给孩子铺路，除读国际课程着手出国外，你还有什么好的建议吗，可以私聊我）　所以“双减”带来的影响，留学者不必过度担心。“双减”是为了缓解国内教育的“内卷”，本质目的与出国留学并无冲突，反倒有相互呼应之处。对于满心焦虑的学生和家长来说，不妨将目光投向留学，这也许会是一个适合提升自己的选择。评论区留言你想去的大学吧，畅所欲言。
137,97.5%是什么？是家长听话率，是按照学校要求填表的概率，对满意度的统计毫无意义。想得到真实满意率必须绕过学校，到街上发问卷，校门口都不行。或者在网上开贴评论，都用不着匿名，这样结果虽然肯定偏差评，至少得得到大家真实的反对意见。咱干实事要的就是差评，知道哪有问题才能去改。只爱听好评那叫什么？我只知道专门说这个的叫阿谀奉承、曲意奉迎、溜须拍马，听的人那就不知道了。动不动就摊派填表格，这种官僚主义、形式主义作风真得改改。上面有什么要求了，会议一开，文件一发，过个三月五月，发表格，层层摊派，明里暗里告诉你该有什么结果，表格收上来基本全部完成，大家面子都好看，皆大欢喜，出了问题也是个别基层不作为。除了给基层添堵，最后啥也没干成。
138,我忽然恍然大悟~网络图片，侵删原来前几天我们学校组织班主任让他们每个人找20个左右的人填写调查问卷，当时一个班主任找到我，让我帮着填一下。当时我正好有事在忙，那个老师就说：你把手机拿来，我自己填一下。后来她扫码之后，拿出几张答案来开始填。当时我很疑惑：这填的是什么呀？班主任说：一个调查问卷，学校让填的。每个班主任都有一定的名额。我问：为什么不找家长填呢？家长群里那么多人，找20个不更方便吗？班主任说：学校说了，最好不要让家长填。因为有的不认识字的家长可能瞎写一通。而且有的家长填一个空就问一个问题，更麻烦，还不如直接自己填了，反正学校都把怎么填的模板都给了。网络图片，侵删
139,现在看太早，至少现在的数据不能说明什么。现在的看法趋于两极化，家长和学生一方认为满意，极大地缓解了教育焦虑。老师一方表示担忧，不管是文科还是理科，最后还是要拿成绩说话的，考试中间熟练度的要求并不低。等今年中高考还有各年级期末考试结束后再看吧
140,之前有一个讲国际政治的笑话是这样子说的小国和小国矛盾，联合国调解，矛盾没有了小国和大国矛盾，联合国调解，小国没有了大国和大国矛盾，联合国调解，联合国没有了新学期减负97.5%满意，如果是真的，那是好事如果不是，那这个数据也是一种别样的体现没怎么接触真假，只能以自己上学期间的自愿补课，上班期间的自愿加班类比，以及被发与的调查问卷的填写过程为类比。大盈若盅，其用不穷。旧的问题现象可以解决，但是如果缺口在那，便会有新的问题填充。杯子里的水可以被净空，但是凹陷的杯子在就依旧会填满。差异的只是填满的事物是什么。话说这个新闻出来，会让什么没有了？
141,一小学生在人行道玩耍，不慎落入道旁河中，高呼救命！两领导闻之，视若不见，仍边走边谈笑如故。小学生情急生智，遂高呼“双减真不是好政策！”两领导闻之大惊，急跳入河中，将小学生拖上岸来留校查看。
142,我是一个校内老师，中秋领导严令禁止留任何形式的作业，我们都没有留，孩子们加了很多课外课很好，说实话我很喜欢这种学习氛围因为我当年就是个鸡娃可是我发现他们有很多不好的点。首先四年级的孩子要体测我让他们量体重自己换算成公斤有一大半的孩子不会➗2，一个班五十个人有五个左右言语表达能力严重缺陷，没有团体意识，没有当初那种尊师重道的习惯，甚至他们知道你没法处罚他，可以不写作业，不听话，上课大声说话屡教不改，而我们是个公立学校除了批评教育以外没有任何办法，我不在乎他们学的好不好哪怕有个好的童年也是好的，我不认为每天打闹不分上下课的打闹就是一个好的童年
143,天啦，我居然还没怎么有感觉，97.5%的人已经感受到了。我算是明白了小学到大学的课堂上，我为什么不敢看老师，怕被提问嘛。我，肯定是感觉系统有问题，至少比97.5%的人要差多了。不说了，我要面壁思过去了。呜呜
144,为什么只说结论啊？是怕说了调查过程之后被知乎上的统计学本科生摁地上喷吗？
145,冷知识：每年春晚的满意率比起这个可不遑多让啊。
146,每次上面来我们学校调查，学校都会提前发一份标准答案。真不知道来干啥的。
147,让学校叫家长填这种东西这不是就跟上学的时候填自愿补课一样嘛有几个敢说不好歹是部级，麻烦做事情不要跟中学校长一个水平好嘛？
148,只看到一群人在阴阳怪气，却列不出到底不好在哪里，反正作为普通人，我是想不出不支持双减政策的理由。
149,笑死，一帮人一边自己作假，一边把调查有水分的锅扣在政府头上。=====另外，给大家推荐一个比较模糊的测算统计数字是否含有巨大水分的方法。首先，选择一个或多个（最好是多个）你感到满意的中国政府政策（不要告诉我从出生到现在你没有满意过任何一个政府决策）。在内心给自己打个分数，比如你在网上看到了100个与这个决策有关的话题，你会点进去并且发布“我很喜欢这个政策”的话题数量有多少。假设这个概率是X%（即你看到100个相关话题，但是只有X个你会点进去并且说“我喜欢这个政策”）同理，选择一个活或多个你感到不满意的政策，在内心打分：我会点进去骂的概率有多少。假设这个概率是Y%（即你看到100个相关话题，但是只有Y个你会点进去并且说“我讨厌这个政策”）然后随便挑一个你想测试的话题。比如这个问题。得到以下数字：官方宣称的支持率（S%）回答中表示支持的数量A回答中表示反对的数量B计算得出的支持率Q%=（A➗X%）➗（A➗X%+B➗Y%）比较Q%和S%
150,我只看到一帮人群魔乱舞，他们只是想输出情绪，又何尝想认真反映问题，提出方法。该统计是通过中小学家校渠道进行的。确保了调查对象和实际回答对象的完美吻合。你看，像一帮不是家长的人知都不会知道有这个调查。第二，调查结论主语和调查对象是符合的，没有随意推演。第三，样本代表性，我不认为现在有比通过义务教育系统从上而下一级级行政命令通知到的家长更能代表中国家长这个群体的存在了。第四不建议把家长和教培从业者一起调查统计，这样统计出来的结果没有任何意义。可以另出调查，但是也只会是调查调整后就业情况和薪资水平，而且很难像调查家长一样确保实际调查对象符合预期。很多学校下发标准答案，显而易见的逻辑是，学校领导担心这份调查问卷的结果会成为学校执行双减政策后续配套措施好坏的判断依据，校领导为了职位就这样做了。数据造假不会是官方的本意，如果数据不好大不了就不公布了，后续继续调整，这又有啥问题，你能说啥，又没有相关规定。请大家把苗头对准。让你们填标准答案的校领导而不是对着调查在这虚空发泄。你们敢发答案截图，为什么不说具体学校名字呢。家长不敢举报，可以理解，但是可以跨市跨省交叉互相举报啊。同时举报建议直接省级起步，并要求保密。
151,​关于双减，我们也可以从“局外人”的视角观察一下。这里推荐一部出品于2020年的电影，制片方为德国JHF电影厂及德国电视二台（ZDF），导演为LolaJiaLiu。起调低沉：在当今中国，能上重点大学才算人生赢家但前提是要先上重点中学可如果不从小学努力，就没法上重点中学，就已经输了导演选取了中国一亿在校小学生中的两位，他们都就读于重庆市某重点小学。男孩小刘是早产儿，有先天性眼疾，但智商颇高。小刘母亲学国画出身，但毕业后从事视觉传达的工作。生了小刘后，她把精力都投入到“鸡娃”上，“放弃了对自己本专业的追求”。小刘父亲是个把兴趣爱好转换为谋生手段的渔具店主。在母亲的主导下，小刘除了参加学校的足球训练外，课余参加钢琴课、机器人课、各学科类网课以及不同的竞赛。花费不菲，经济压力很大。除了日常辅导小刘课内外功课外，小刘妈妈还是学校的“热心家长”，协助制作板报。女孩小邓不但文化课成绩好，还是学校足球队及辩论队成员。因为小邓爸爸常年不在家，所以都是妈妈和姥姥在照顾一切。两位小朋友及其家庭成员的故事，就此展开...通过这部片子，导演试图探讨以下几个问题：·中国学生能否承受各方压力，并顶住一个接一个的新挑战？·在持续高压下，能否发展出孩子们自己的想法？（而不是外界灌输的）·剧场效应下，学校和家长该怎么做？如果他们替下一代做的决定是错误的，后果谁来承担？·这些举全家和全校之力打造的“小超人们”，到成家立业时，能否“打败”那些在成长中较少受到外界干预的欧洲同龄人？亦或是一到“独立思考”的问题上就败下阵来？影片共90分钟，全程汉语普通话+重庆方言，配德语字幕。强烈推荐到ZDF官网观看，网址为：https://www.zdf.de/filme/das-kleine-fernsehspiel/gluecklich-bin-ich-wenn-du-schlaefst-100.html由于版权及播放地限制，仅能在德语区国家打开。峥哥混剪了两个精彩片段，请大家尝鲜：https://www.zhihu.com/video/1435525618973126656我本人最大的观后感就是心有余悸：幸好出台了“双减”。算是国家对本片最大的回应！
152,不支持匿名啊那没事了家长觉得()我是学生总之我很害怕()
153,首先声明我很爱国其次，咱们什么时候能不搞这些形式主义的东西？你就减少小孩的学习时间，根源上的问题解决了吗？现在的大部分学校都只是教学而不是教育，这也和现在的社会有关系。教育者，养成人格之事业也。使仅仅灌注知识、练习技能之作用，而不贯之以理想，则是机械之教育，非所以施于人类也。——蔡元培平时则放荡冶游，考试则熟读讲义，不问学问之有无，惟争分数之多寡；试验既终，书籍束之高阁，毫不过问，敷衍三四年，潦草塞责，文凭到手，即可借此活动于社会，岂非与求学初衷大相背驰乎？光阴虚度，学问毫无，是自误也。——蔡元培这两段话很适合现在的社会，前段时间刚看了觉醒年代，那个年代上学的人都是自己想学习想做学问，而不是被人逼着把知识塞到脑子里。现在的社会都靠学历，不管你想不想学会不会你都必须学。小的时候语文作业有阅读理解，就是给你篇文章然后问你个问题，比如这篇文章的中心思想是什么？所有人必须答案都是一样的，所有人看到各式各样的文章和问题，都必须有同样的思想。我始终搞不明白这有什么意义，这到底是在传授知识还是要孩子们抑制自己的思想？现代社会以学历为敲门砖，没有学历的人饱受歧视，卖力气干活的人得不到尊重。不知道从什么时候开始，在工厂上班变成了受人歧视的事，工厂成了压迫人们的地方。如果不学习就只能被资产阶级剥削，没有知识连住都只能将就。就像战争的时候人们没办法只能学会使用武器，现在为了生存我们被迫学习，这从来都不是开明智的方法。最近感觉形式主义的政策越来越多了，完全是治标不治本。到底什么时候才能搞点，我们老百姓关注的问题？比如工作问题，现在的制度完全治标不治本，物价上涨工资不涨禁止加班有什么用，难道带着孩子喝西北风去？住房问题，现在不仅买房贵租房也贵，光禁止群租房有什么用？群租房床位每个月两百还包水电，单间每个月八百还不包水电，你自己说人家没钱住哪个？设施问题，别的城市我不知道，但是我们这边盲道搞的什么玩意，不是停着电瓶车就是砖头坏了，有的修路直接把盲道隔起来，就非得让盲人摔两下呗？交通问题，偶尔雇点人找人拿个小旗子搁路边站会，找俩交警罚个几十块钱就完了？多少次那个闯红灯的电瓶车差点给我撞咯，照我看闯红灯就罚五百，以后就没人闯红灯了。养狗问题，之前我们这边没评上文明城市，然后地方政府就搞了个政策，每家每户只许养一条狗，有狗证没用必须办新的电子狗证，必须要有房才能养狗，流浪狗捉走甚至还有的直接当街打死，每家每户敲门没收狗然后集中把狗弄死。我爱我的国家但是对某些政策和数据真的是除了呵呵不知道还能说什么看到底下的评论就先来讲讲教育吧，怎么说呢就比如说职校吧，应该是培养职业技术人才的地方，别的地方我不知道但我们这边的职校都很乱。首先我认为应该将私立的学校逐渐转换为公立，包括那些职业技术学校，然后规范化管理。其次各项平衡发展，不能提到学习就是语数外物化生政史理，要让孩子们德智体美劳全面发展，不能只发展个智。比如更加注意思想品德的教育，以及让孩子们有更多时间可以运动，培养孩子的审美观，组织更多能让孩子提起兴趣的劳动活动。如果按现在的学历制度，我认为应该让这些德体美劳占的比例更高。教育之路任重而道远，我仍然觉得我们国家的精神，应该从教育上得到更好的体现，而不是单纯的只有文化课。
154,有没有真的不满意的家长出来说说为什么？而不是一群烂梗小鬼的“感恩”？
155,讲个苏联故事：戈尔巴乔夫为自己一项正测发起投票时，发现得票率居然超过了80%，他认为太离谱了，赤裸裸侮辱苏联民众智商，下令重选。有的人还是要脸的。
156,因为周末不能补习，现在初中生周一到周四的作息是：六点整放学（晚托也是几乎同时出来的新规定），用瞬间转移大法，在六点整赶到补习班。家长负责买好快餐，在路上塞给孩子。补习班课上到八点半（也是新规定）。九点到家开始做作业。一般一点钟做完。第二天早八点升旗，做操。也就六个小时睡眠。----这么“减负”，居然还有2.5%家长敢不满意？
157,居然有2.5%不满意，我觉得可能是他们表达不准确。他们想说的是：不，（我很）满意_(:з」∠)_
158,课外辅导班，校外补习班，还有同龄的鸡娃竞争压力在短短几个礼拜全部成为历史，化腐朽为神奇的神秘东方力量重现人间，距离他上次出现快过去了一甲子。
159,从早晚6：40到教室上早读/晚修，调整到早晚6：30。这负减了个负数
160,不减不满意，减了也不满意，不知道各位要怎么样才会满意。
161,学而不思则罔，思而不学则殆。任何从东头跑西头的二极管政策，都不可能是解决问题的好政策。
162,真的看不惯很多人各种喷老师，老师去的比你早，下班比你晚，义务教育学校多收你一分钱了吗？老师也是有家庭的，做到这样你还要抱怨！一帮圣母婊真特么难伺候！如果你觉得学校教育不行，老师不好，没问题，这边建议您带着孩子退学、转学，或者作为高知，您自己教！
163,根本矛盾就是社会资源分配问题。高考、中考不是培养后的考核制度，而是修罗场后的选拔制度。我们高三班主任跟我们说了一句话，始终难以忘记。“有人坐轿子那必然就有人要去抬轿子”有些家长也不用埋怨学校，埋怨老师。现在的社会，一个孩子的教育，受地区环境，家长素质，两方面影响。好地区经济好，教师收入高，竞争导致这里的教师都很优秀。差的地区，政府欠一屁股债，教师正常工资都还要被挪为他用，没人愿意来，就放低招聘标准，最后此地区的综合教育可想而知。同样的，高知家庭，资本家孩子，双体制家庭，肯定比爹文盲妈小学毕业的家庭教育整体好的多。你有钱北京买房投资人身份落户，上北京小学，还需要担心孩子教育？落后地区家长和当地学校都是受压迫的人没必要互相伤害，贫富差距又不在你俩之间。
164,所以一切政策都和孩子无关，也和教育无关
165,这题我会，毕竟有了答案的东西，谁还不能考个满分呢。
166,我们国家的民意调查就没低过0.95，至于调查谁了反正我不知道
167,从这学期开始实施双减，我感觉比以前更焦虑，以前只是说下班回家还要盯着孩子做作业、改作业累。问题现在是老师也不敢布置多的作业，怕不好交差，然后好多作业是口头布置的，问题就出来了，上学期这些作业正常9点之前完成了，现在9点了那些口头布置的作业还完成不了，就想拖着明天再写，因为老师没做强制要求了。这双减政策下自律的孩子是没受多少影响的，不自律的孩子咋办，到时候连高中都考不上，现在普高的升学率50%左右。孩子自身根本意识不到这些问题，只是感觉明明老师没说一定要做，为什么我还要完成，抱着的抵触情绪很大，一到考试就所有的问题就暴露出来。娃不焦虑，焦虑的还是家长。
168,啧，当年甩手掌柜老师当惯了，上课随便讲，下课辅导班，作业家长改，卫生家长做，当年为何不见老师们出来喊这样是不对的？
169,因为不满意是学生放学越来越晚，而那一个小时的延长时间并不会用来给学生做家庭作业，都是各科老师在讲课，中学的话学生回家至少7点以后，那可以想见作业也会做的越来越晚。加大了平时学生的负担。
170,我觉得已经可以宣告失败了，开始延迟的时候还好，学生在学校就可以把家庭作业做完，后来延迟放学老师都把延迟的时间用来讲课了，学生回家后再做作业，睡的比之前更晚了
171,这个标题本身就是个笑话。我不信97.5%的家庭都瞎了
172,教务部面临大量辅导机构反抗和无知家长觉得少辅导一节课就落后别的孩子了的双重压力，为避免内卷之下，越卷越狠，最后卷死，需要数据为政策做支撑，让双减成为民意，彻底推行下去，压垮辅导机构和无知家长，解放学生，解决教育内卷。
173,我觉得双减后，家长会更焦虑，培训机构没了，全都在学校学习，你永远不知道别人家的孩子是不是在回到家后还在努力学习，成绩好的娃怕被赶超，成绩差的怕被分流，中考现在比高考更残酷。这就自然形成了内卷。这个双减调查没有任何意义，答案都给你一起发了。不及格的答卷影响的不是自己，是自己的娃。
174,可喜可贺，困扰了全国上下几十年的减负难题，用了不到一个月时间彻底解决了！真不知道以前那些做减负工作的人是干什么吃的，咔嚓一刀的问题，用得着几十年也找不到平衡点么~不说了，我得抓紧时间复习去了，一会还得给孩子辅导功课呢。人家隔壁老王家的孩子请得起家教，咱请不起，只能自力更生¯\_(ツ)_/¯
175,大禹治水的理咋不明白呢？
176,学校发的调查问卷吧，那种东西老师盯着你填，你敢写不满意？亲身经历告诉我，老师甚至会哭闹！
177,水分有多大？现在是全国都知道减负和校内课后服务了。个人感觉本质上初衷是好的，但是执行到下边全变味了。城里课后服务减轻了双职工家庭看护孩子不便的问题。但是！！！农村没有这个顾虑啊！从课后服务开始，我身边的家长和老师（乡村学校）就对这个课后服务颇有怨言，当然有怨言的老师并不多，毕竟是多一份收入。但是家长和学生大多都是被迫接受这个课后服务。首先，农村孩子补课的也并不多，本来就没想补课的，但是学校发了这个通知，明着说是自愿，其实半强迫，除非是身体和心里真有问题的学生可以不参加。为什么说是半强迫？因为农村学校学生大多数都是校车通勤的，有的学校学生数比较多，却只有一两辆校车，那就要有一些学生等第二趟车。正常一趟就得一个小时多，所以即使3点多放学到家也挺晚了，尤其冬天。课后服务变相延时回家，过去六七点钟孩子在家吃完饭写写作业玩一会就睡了，现在是六点多还在校车上，七点能到家，七点半吃完晚餐写作业。这……到底减负还是增负？？再说学校，规定是课后服务不讲新课。然而，这里没有不讲新课的，就默认是，你不来参加课后服务，你就容易听不到新课内容！最后，开学说课后服务按天收费，不到半个月按半个月计费？？超半个月按一个月计费？？好的……接受。但是在疫情肆起的当下，这边乡村9－11月底总共能线下上课一个多月，但是实打实收了三个月的课后服务费（一点没含糊）。家长有怨言，不敢问！也不知道问谁，因为班主任也不理你，还可能对你家小孩带有色眼镜………所以，看我附近的是学生没减负，家长凭空增负。不知道全国其他地区什么样。
178,我妹妹是某市重点高中双减政策下来确实是不让补课了，私自补课的学校要罚款。然后每次学校想要补课的时候，就提前去交罚款。
179,双减，减负减去负数，大家都知道结果。我同事一个月为孩子报班花费5600，但双减了，喜欢的老师不开课了，她们偷偷问小班还带吗？回复说带，但原先120一节1小时，现在300一小时，因为人少了。问她上吗？她说，上，怎么都要上。你看有钱的不在乎找不到老师，没钱的现在连本来可以上的辅导班，本来可以补的课都补不了了。长此以往，后果可想而知。进厂的进厂，吃肉的吃肉。
180,我倒是没看到哪有减负，坐标南方三线小城，我已经不是义务教育了，但我妹妹是的，不敢相信一年级就已经这样累了，作业五花八门（真不知道是好事还是坏事），反正我晚上上学回来23:00，我妈还告诉我小声点妹妹刚刚写完作业不久睡着了，我看看她的钉钉班群，作业着实离谱，跳绳，剪纸，算数，讲故事，唱歌背书，不经让我回想我的一年级，那不就是睡觉加玩吗。。，反正班群里还有股内卷的风，我妹妹因为没评上什么优秀作品主动要求重构一张画，我表示很惊讶，这才一年级啊。
181,啊这……教育部知道这些问卷是谁填的吗？当代女大学生被迫当妈=_=宿舍里有个同学家长是老师，要求填20份调查问卷，微信QQ分别扫码就是两份，我们宿舍每人两份，她父母再每人两份就够了，这种问卷根本到不了家长手里而且就算让家长填，也有标准答案，人人都要截图，真的毫无意义
182,让子弹飞个1年，再看看生育率呗
183,我们班是家委会家长填，都是私聊，你发聊天记录就暴露了，标准答案都发出来了，但是我们每天写到12点。双减减的是幼儿园。数学周周测，英语天天默，上课抽背玩的就是心跳。生地每周默写一次，默都要两节课。7点到校早读，一天八节课全是正课。晚上六点放学还有1个小时的体育训练。
184,一周有几节体育课？答案：三节一天睡几个小时？答案：八个小时几点睡觉？答案：十点之前文化课老师会占用音体美课程吗？答案：不会你们有校外补习吗？答案：没有考试排名吗？答案：不会学校会乱收费吗？答案：不会当所有问题都有标准答案时，就可悲到极点。
185,让我想起了多年前记者在火车上挨个问买到票了没还不让匿名呵呵！
186,"汉弗莱：首相为什么会这么想（新的兵役政策能赢选票）？伯纳：党派做了民意调查，似乎所有选民都支持恢复兵役汉弗莱：再做个调查，显示他们反对兵役伯纳：他们不能又支持又反对汉弗莱：当然能，伯纳，你被调查过吗？一位美丽的小姐来到你面前，你想给她留个好印象，她问：伍利先生，您担心无业青年增多吗？伯纳：是的汉弗莱：您担心青少年犯罪率上升吗？伯纳：是的汉弗莱：您觉得学校里缺少纪律吗？伯纳：是的汉弗莱：您觉得年轻人欢迎权威和领导吗？伯纳：是的汉弗莱：他们喜欢挑战吗？伯纳：是的汉弗莱：您支持恢复兵役吗？伯纳：我想应该是汉弗莱：到底是不是？伯纳：是汉弗莱：伯纳，你说了前面那些，就不可能再说不是，他们根本不提前面五问，只发表最后一个伯纳：他们真这样吗？汉弗莱：有声誉的调查者不会，但他们人不多，或者，这位小姐也能得到相反的结果伯纳：怎么讲？汉弗莱：伍利先生，您担心战争吗？伯纳：是的汉弗莱：您担心军备竞赛吗？伯纳：是的汉弗莱：您觉得年轻人持枪杀人是否危险？伯纳：是的汉弗莱：您不同意强迫人们拿起武器吗？伯纳：是的汉弗莱：您反对恢复兵役吗？伯纳：是的《YES,PRIMEMINISTER》"
187,我不看好双减落地，因为中产家庭谁也不愿意下一代阶级下落，就说哪个本科的家长愿意孩子去读中专，确实现在的中专跟大学比就是垃圾。高学历家长难接受孩子变成低学历，自己心理的压力和社会的压力，足够趋势他掏钱去非法补课。这个社会焦虑确实存在，不可能你把教育机构打掉了，这些家长就能不去焦虑，有焦虑就是会有人去犯规，最后结果还是有人偷偷搞补课，价格还越来越贵。咱们现在出台的政策韩国当年也用过，而且咱们没想到的他们也想到了。打击培训机构，优秀教师在学区轮换，甚至取消了中考。最后这帮家长让老师装成保洁来给孩子高价补课，你说怎么打击。真别光说我国政府执行力强，当时韩国是朴正熙独裁时代，人家执行力还差吗？想真正解决这个问题，除非打掉家长的焦虑。但这个课题已经大大超过了双减的任务难度。要想给家长真减负起码得做到这些点：让国家垄断补课，低价给想奋斗的孩子加课，不爱学习的可以不学，想奋斗的孩子家长不用掏高价就能学。国家把中专办好，起码让这些学校校风改变，不说培养出人才吧，别学生跟社会人一样。最难的就是把阶级差价拉小，工人和白领工资待遇不要差那么大。欧洲人没那么鸡娃，其实就是这个原因，这些国家社会高福利，下限是有保障的。人家可能也觉得孩子不是那个料，快乐长大就行了，反正工人工资也足够生活。这么一算，这个事的难度真是大的没边了。我认为没有整个社会体系的改变，双减是根本落不了地的。
188,反正我不知道别的地方，我这边是个县，教育局长现在一周只让老师学生休一天，双休变单休，不讲课让学生自己做作业看书，好多老师骂他神经病
189,只要升学压力还在，“减负”就难以落到实处。听闻校外“辅导”也在如野草一样“潜滋暗长”。
190,其实真正需要减负的是家长们，而不是学生，并不期望学校对学生减负，而是期望学校能够承担应尽的教育义务，而不是什么事儿都推给家长，什么作业都回家做。没有作业就好了吗？最终坑害的是还是那一波学生和日常无力管孩子的家长们。
191,我觉得吧，双减今年执行，家长们满不满意至少要一年后再做评判。因为一年之后中考，届时一半的孩子上不了高中，教育部可以再问问有多少家长会满意。
192,就像我家的春晚都开着没有人看但春晚的满意率出奇高？
193,舆论的阵地你不去占领，就有别人会占领。只要大家看不见，他就不存在。沉默的螺旋一件事情的底层基本逻辑不变化，事实就不会发生根本性改变。
194,最没有公信力度的就是相关部门发的有关调查，不论是小学中学大学研究生，所有的试卷说是匿名但是答案都是写好的，你哪怕有一点不满意不照着满分去填，就有说不完的麻烦，各有关部门精准定位直接找到你。
195,反正我孩子3年级，我不太满意
196,二三十年的教育问题，短短二十几天解决了，不好吗？
197,想起来一个苏联笑话一个苏联人准备移民去美国，上级知道了很不高兴。于是组织了一个委员会给他做思想工作。领导说：“同志，你为什么要去美国？是因为不满意没有好吃的？”“不是。”“是因为不满意住房条件太差？”“不是。”“是因为不满意工资水准太低？”“不是。”“那我们不明白了，你没有什么不满意的，为什么要去美国？”“因为在美国，我可以有不满意。”
198,你可以邀请在孟回国的问题下高潮的那些人回答
199,去暗访调查一下，随便抓一个学生都不会说满意
200,我觉得造成这种情况完全是工作人员不认真、不负责、不仔细、不思考。我能体谅教育部诸位工作人员工作任务多、压力大、时间紧、人手少。但是这几个月以来雷声非常大的各种政策、措施、规定不就是为了让家长全方位满意？为此教育部领导下了血本，搞出大动作跨部门发动、联合诸多兄弟单位一起行动，比如管房价的、管影视传媒娱乐的、管扫黄打非的、管上市公司的等等。教育局领导做了这么多事，就想要一张满意的答卷。教育局的工作人员们，你们从起草问卷到发放问卷到回收问卷到统计数据，这么多人，贴心的为全中国文化水平相差巨大的众多父母操碎了心，连标准答案都发放了，选择了开卷考试的形式，细致的足够照顾到偏远贫困地区的文盲不识字父母。做了这么多，结果呢？没有给领导一张满意的答卷。你们但凡多向此次配合你们行动几个月的兄弟单位虚心学习一下，都不会出现这样的情况。你看看这些兄弟单位，哪一个不查分身证的？你们但凡学会兄弟单位这一星半点，在答卷里多加一道题，要求上传身份证正反面照片或者填写身份证号，领导就能得到一份100%满意的答卷。你问为什么无记名答卷要填身份证信息？嗨，这不是怕有些人一人答多份恶意刷高/刷低满意度嘛，放心，只是筛选无效答卷的，绝不会泄露隐私。
201,怎么没问我爸妈满不满意难道我爸妈不是家长了吗天啊我是不是不存在
202,家长收到的问卷是对学校满意不满意...好家伙
203,居然还有2.5%的人不满意？
204,那剩下的2.5%为什么不满意呢？
205,这不是在火车上统计有多少买到票的？根据我身边情况，九成的家长因为双减怨声载道，天天为孩子发愁。请一对一家教上门比报辅导班贵多了
206,不好说。我在某养老小县城的小机构干活，我感觉在这地方义务教育阶段家长的满意度应该是挺高的。因为双减出来与家长谈转周中或者退费这事，我都顺便还问过他们学校那边的调查。无论那边意愿是不是退费，大部分家长都是第一反应不报给学校补习情况的。甚至我们找家长要姓名身份证补合同他们也生怕给学校知道拒绝提供（因为说了这是给备案的）。所以就算老师不手把手教怎么填调查，大家都心知肚明要怎么填才好的。不过话说回来，这边小县城大家也是挺佛系的，所谓的升学压力前途什么的家长和孩子都很少有想的。所以双减下来也确实挺多家长松一口气的，很多以前是孩子这科不行所以补这科，现在不给补了就算了以后看孩子自己造化的。反而对学校课后服务怨气比较大，价格比外边托管兴趣班还贵，老师暗示必须要在校会有任务发给孩子，挤在一起接送也麻烦。原本路窄学校又多，几家学校一起放学，接个小孩如长征。我有幸走过一段，200米走走停停二十分钟，脚都能给尾气烫熟。
207,我不知道样本哪里的大家有没有说真心话教培业内人士反馈:该补的一个没少学生反馈:学校的饭真的难吃
208,学生党表示非常不满意，但是投的满意
209,我猜那2.5既是家长，也是老师。没事很快就没有了因为都累死了
210,有个个人的观察体会，小学四年级以下家长普遍比较满意，五六年级有点分歧，初中没怎么见过说很满意的。还有一个个人的小疑惑，双减涉及家长，学生，教师三方，怎么没人调查学生是否满意？教师是否满意呢？咋回事？后面会不会调查呀？
211,不能匿名啊那没事了
212,我们学校让用作业平板，所有人都填是了，我能填否？
213,在车上听广播听到了这个问卷调查我其实还真的很好奇为什么这么着急啊急于证明啥么，比如说：我干的都是对的？我拥护者众多？决策都是合理的？这才一个月啊，一个影响力这么大的政策，这么急于证明啊？计划生育咋没见的你做问卷？下架迪迦奥特曼怎么没见你做问卷？刚刚搞完吴亦凡，就把我的很大，你忍一下拿过来学体制是个好东西我坚决拥护另：上次我听到的调查问卷是另一个版本，好像满意度没这么高，60？铁拳挥打够了也该停了，您到底在打谁啊？双减？把双的内容换成减中高考不就行了（求求知乎别再封回答了，我的回答，没有引战，没用触犯法律，没用挑起争执）
214,反正我是挺满意。家里老二上三年级，双减之后每天作业基本在学校就能做完了，回家坐练练英语听读就行。小学那点课程真没必要搞的太紧张。放学就是踢球。球场也是双减政策之后配套建的，全封闭，五人制，人造草坪，附近每个社区都有一个，差不多就是一公里半径范围内就能找到一个。对了，晚饭后还能玩玩VR或者塞尔达什么的。
215,说真的，减负又不是为了孩子减的，是为了家长为了劳动力减的负，想各种方法让你不要为了生孩子为难。你说你担心阶级下降，国家还没到共产主义呢，国际环境这么差先活下去再说吧。
216,一个前苏联的笑话来源：网络前苏联，有个人要移民美国，移民局人问他：“你对现在的国家不满意吗？”他答：“满意。”“你对这里的领导不满意吗？”他答：“满意。”“那你对这里的什么不满意？”他答：“都满意。”“既然都满意，为什么还要移民？”他答：“因为移民到美国，在那里可以说不满意。”这个问题下的回答不允许设置匿名……我是不是在冲泉水……
217,近日，教育部发布《关于坚决查处变相违规开展学科类校外培训问题的通知》，将坚決查处学科类培训转入“地下”、换个“马甲”逃避监管等隐形变异问题，其中就包括“直播变录播”、“一对一家教”等形式。从教育部展现出来的架势看，是要对校外培训斩草除根。但这种做法最终成效如何还有待检验。国家强调“双减”，规范义务教育阶段的学科类培训，井非要“一刀切”关停学科类培训，而是要让学科类培训回归到其应该有的地位和功能上。畸形发展的教培行业当然是需要规范的；但如果教育部要与所有的校外培训“较劲”，最终结果肯定是“双输”。因为只要高考指挥棒还在那里，应试教育还在那里，教育体制和机制的各种毛病和问题就都在那里。如果这些根本问题不改革，只抓住教培一遍又一遍地搞整顿，势必制造更多的矛盾和怨言。要知道教育部的根本责任是发展中国的教育，而不是往“教培整顿部”方向发展。
218,没劲，现在知乎大部分人除了阴阳怪气还会干啥？事实依据在哪里？能拿出来吗？
219,我班主任前几天把包括我在内十几个人叫到办公室，给了我们问卷的二维码，然后一道道题告诉我们应该选的选项，并表示他给小学的女儿填问卷的时候也是按照学校要求的选项填的
220,这下安逸了，有些东西只有家长自己教了
221,大爷，你买到车票了吗？新版本
222,我有个邻居叔叔小孩，现在读初一，邻居跟我家特别亲，我读小学了才跟邻居叔叔分家的。中秋节回去，他们班群发了个调查问卷，让同学们填好后截图发群里（不是选项的截图，是回答完之后的截图）我大概看了几眼就是关于减负的，比如几点钟睡觉啊，早上几点起，每天做作业要多久，是否有要家长参与的作业啥的。亲戚都是在家务农的没怎么管，让小孩自己填然后问我怎么填合适我也不知道老师能不能看到谁怎么填是不是完全匿名的，只能说，这个明显是国家调查减负的，选项别跟学校对着干，往好里填。小孩填好后给我看了一眼，把个别明显不符合减负政策的选项改了以后，不至于会被老师看到认为是刺头，就提交了。我相信不只是我一个人这么填
223,家长满不满意我不知道。坐标北京刚刚结婚买房，我老婆失业了，过往经验可能用不到接下来的工作了。去面试了一些她意向的招聘会，别的条件都还好，公立教师和公务员的话卡在北京户口上了。她当时找工作也比较随性，没有那么长远的考虑了，就去了某大机构。有些东西硕士研究生毕业错过了就是错过了，大点了动那些脑子都没用。我让她多歇歇，有些家长想让她弄私班我否定了。在这个风口上，真有点啥还不被法律保护。我觉得双减工作的成效显著，体现在我的脸上，让我这个嬉皮笑脸的人也严肃了许多。哦，对了，我是个游戏开发。已经做好充分心理准备。
224,可以匿名吗
225,说真的，双减后，由公开的竞争改为隐形的，没觉得在减负。还是该干嘛干嘛
226,两个孩子的父亲。游戏设计师。IT工作者。教育行业相关。那个匿名问卷我填了，基本上是随便填的。南京遭遇疫情，你调查的时候我们刚刚开始上学，有什么不满意的呢？所有教育机构都被疫情停业了，没什么课外培训。对了，我认识的教育系统的高校老师鸡娃个个比吃了炫迈还迈：孩子不出国，没有一个光明的未来行动上都不能接受，也坚定地支持国家政策，反正综合岗双休下午4点半下班教学岗一周上两天班。关于调查的匿名性，IT从业者是觉得这是一个假概念。小学老师们也认可在同一水平上，我们的孩子和市区的孩子有着成绩上的差异的。我也是97.5%之一，我家两个孩子不参加课后服务。
227,国家的力量真是无穷的。国家一声令下，我和我的同事们再也不用为谁留守值班，谁去接娃而苦恼了。记得我娃还小的时候，常常从乡下奔赴学校，遇上恶劣天气，常常手忙脚乱。这样的家长，怎么敢有生二胎的念头呢？所以，双减其实也是国家层面为二胎三胎政策做出的惠民政策。疲于在路上的家长，终于可以松口气了。苦恼的是做补习班的那些机构。一刀切的停止线下学科类的培训机构，不讲求质量只讲求利益的补习班终于不再是孩子的负担和家长无奈的选择。国家也正在整治一对一专业补习的乱象，真正要实现教育的公平，双减的实施还在路上，延时服务的效果我们也拭目以待。
228,问卷不是老师教着怎么填的？
229,假如统计丢硬币，丢了20次都是正面，这时候我们并不会统计出正面的概率是百分之100，而是会人为的加入反面例来让他满足统计学上的计算要求，其实那些反面例不是真实存在的。所以大家没必要担心剩下那些百分之2.5的人，他们就是为了满足分母不为0凑数的。
230,满意不满意自己心里没数么，做做样子给领导看就行了，反正领导看的只是政绩，从不看实际
231,这个问卷在9月中旬先答了一遍。然后前几天，孩子回家跟我说，学校要求答问卷，老师已经明确填写要求了。我扫码进去一看，这不是上次填过的问卷吗！？怎么又填一遍？但老师要求必须完成啊，只能按照孩子传达的老师指示，把问卷又填一遍。所以满意度当然高咯
232,我的教师母亲因此更劳累了，加班的更频繁了！
233,造数据的搞个百分之七八十，我可能都信了；然而它可是高达97.5%！说说身边的事吧，坐标华中的某省会城市，不知道是市里还是区里的安排，要求小学生六点放学。先不谈减负后这最后几节课能干嘛（据说是自习、看书），当小学生和初中生一个点放学的时候，交通问题已经赢麻了。再者，小学学校里现在貌似是不让搞小卖铺了吧，也没几个学校晚上安排了晚饭。几岁的伢有几个能正常撑到六点不吃东西的？
234,不满意
235,直接写100%不就行了，非得假惺惺的整个97.5%。呸，恶心
236,作为家长，整天要在QQ群随时待命回复老师学校各安排…没法上班，无力吐槽…
237,小心国外。敌对。势力。利用双减
238,不满意的都被踢出群聊了
239,有点好笑。只讲件小事儿：有身边人是小学副科老师，刚好他上周发了一个调查问卷让大家填写，并附上标准答案Word文档，调查对象正是小学生家长，调查内容正是减负效果，over。
240,其实想不明白减了辅导班真能让学生更轻松吗我大学老师，一个闺女小学天天在家上外教网课学英语，一个儿子初三周末英语物理化学轮着家教..减在哪儿了..
241,可不敢不感恩
242,收到一个调查表，但填写内容有局限性，不敢政治错误。反对这个双减，流于形式。
243,我们那里的小学从一天八节课加到了十节课。我也不知道减了没有。
244,呵呵，满意就好。有的家长：听上面的啊，人家让干啥干啥，都吵吵什么呢有的家长：不行啊，得让孩子补课啊，以后分流去职高怎么办有的家长：家里抓学习，补课也得补，我家孩子绝对不能比我上的学校差有的家长：反正我们家孩子学习不好，补了也是白补，大家都不要补才好呢有的家长：找找关系，看看亲戚朋友家有没有中学名师，我们日常交往请教请教问题还是可以的没有当家长的人：双减是啥？啊反正我还没孩子，不关我事儿！
245,是不是遗漏很多人？我身边有娃在上学的没一个满意，说更累了
246,居然还有2.5%的人心怀不满，真以为团团找不到他们么？应该学习下我们，心怀感恩。
247,建议减少形式主义的活动，以及活动中需要家长配合的内容。
248,我不满意，女儿今年二年级
249,幸存者偏差，满意的会开心接受，不满意的会上网骂。所以仿佛大部分人都不满意罢了。（当然真实的减负满意率也不一定是97.5%）
250,学校让填调查问卷，我填个不满意？那我娃在学校还咋混？
251,第一，对于觉得没影响的，真心赞同的。其前提是自己作为父母要有好的学习能力，能够辅导孩子。我也不想让下一代跑去学科类辅导班，很想去公园，博物馆美术馆科技馆，去领略山海，去感受各地民俗等等。但是，后面说的这些，我觉得不能只是光看看，或者说，这些其实是一种资源环境，比教室更好的环境。而关键还在于环境中的教育，也就是应该在教室之外广阔的环境中去教育孩子，而不是仅仅我来过，我走过。不过这样子又有点难度了，毕竟自己也做不到。但是偶尔为之应该还可以。比如去了科技馆可以讲物理化生，去了博物馆能讲历史人文。第二，对于真实不满意的，觉得让自己孩子失去机会，可能被分流的。考虑到社会上大部分人并不是本科学历，也不一定能辅导自己孩子。但是谁又没有个进阶的梦？掏钱不一定解决，但可能有机会让孩子更进一步，这就足够了。现在双减，个人感觉最大的问题不是负担和作业，而是未来出路。输出端处理好了，只要孩子努力，即使发育晚点学的慢点，也能有不劳力和能睡安稳觉的工作，家长也就躺平了。毕竟家长为什么焦虑已经很清楚了，担心孩子未来找不到好工作。如果像以前大家一起为社会主义建设出力，大锅饭（不是提倡回去，仅举例说明出路的重要影响）。让家长卷都可能不会卷的。不过，话说回来，孩子的未来，在很多很多年之后，就像现在诸位，小时候也没有说有什么规划吧。生活依旧在。人非草木，更非机器，别忘了老马说的人是一切关系的总和，或者说人的记忆和其本身，是人自己和身边人一起建构出来的。那么所有的所有又像是命中注定（当然不是，而是说回忆时会觉得如此），所有的过往回忆似乎大部分与现在无关，思之如读故事，宛若他人之记忆。再如佛教一沙一世界观念，观众生的观念，似乎，没什么不可以，只要自己内心平淡，不失本心。但，怎样才能这样子？似乎又是要受到好的教育，而好的教育不是指学科教育，而是偏向人本主义的教育。再但是，这样的教育，如何普及？双减，开素质教育，再再但，还是要确保未来出路不能太差，毕竟再平淡和自知之明，也不太能忍受郊区工厂上夜班月入5000包吃住的工资吧。天地不仁，以万物为刍狗。还有就是，不要忘记本党最高使命。
252,不支持匿名，我也不好乱说什么，反正我现在也没孩子。
253,昨天我家附近的小学，一个五年级的孩子因为作业问题跳楼死亡（我没有任何主管判断，因为我也没有孩子，只是说一个事）
254,再配合：大力发展职业教育，中考不能跨市招生，学生们高中开始就分流了，有一大部分不用畏惧高考了，不用寒窗苦读了，中专毕业上大专，大专毕业去搬砖。社会劳动力又盘活了简直
255,不满意相当你没考满分是没资格参加评分滴
256,满意个锤子，穷人家最怕减负，减负意味着要花更多的时间和金钱为孩子补课，都什么年代了还把韩寒那个缺德玩意的话拿来忽悠底层呢？
257,私立学校是否也减负？如果不是，那么教育两极分化岂不是会更加严重，有钱的家庭的孩子能上省重点而在公立学校的孩子中考高考时大部分都只能被刷掉。
258,未婚家长表示很不满意，下班高峰期都延迟了。
259,在中国，我最不信任的两个部门：第一教育部，第二足协。
260,学校发下来的任何问卷，有哪个学生和家长敢填写不满意？？？
261,笑死，我坐个公交车一路上都能听见两次有人聊天骂双减。
262,具体成效不知道怎么衡量，但作为家长的我和孩子确实感觉轻松了不少，恢复了母慈子孝的良好家庭氛围。额外多读读多背背多写写的要求，孩子也愉快的执行了。
263,所以，为什么没有人给我问卷调查？
264,我真不知道这97.5%这个数据咋得出来的。就迷惑人呗。
265,我在知乎就没见过关于政策的正面评价。这不能说是马太效应吧？笑不活我，减了不满意，不减也不满意。这届网友还是一如既往的秀
266,哈哈哈哈反正我机构每个家长喊只是更挤了更乱了
267,初三学生，周一到周六，早上六点出门，晚上九点回家，作业写到晚上12点。周日上半天课。中秋放了一天假，这可能就是所谓的减负吧。
268,怎么还有2.5%不满意的？让他们出来说道说道，哪里不满意？
269,毕竟，绝大部分家长也不敢不满意不是？孩子进入初中后，之前俩学年都是每天6点20放学，也没额外收过费用，就是每天9节课，上5下4这样。而本学期开学刚一周，突然就发通知说本学期开始，每天下午5：10--6：20属于“校内课后服务”时间，因此需要缴纳500多元／学期。说实话，一学期500多块，倒也不贵，平均每月100来块钱，也没啥好说的。但，就是心里觉得怪怪的，
270,某小地方，班主任挣不了补课的钱，开始收取晚自习费用，初二开学收取1500晚自习费用，只收现金不要转账，不给发票，我只想问这些钱都去了哪里？（初一也上晚自习不收费）
271,一个苏联人准备移民去美国，上级知道了很不高兴。于是组织了一个委员会给他做思想工作。领导说：“同志，你为什么要去美国?是因为不满意没有好吃的?”“不是。”“是因为不满意住房条件太差?”“不是。”“是因为不满意工资水准太低?”“不是。”“那我们不明白了，你没有什么不满意的，为什么要去美国?”“因为在美国，我可以有不满意。”
272,看过一些超级大国崛起的相关论文和节目分析。给我一个印象（数据未必准确），一个政策如果能受益50%以上的人，那么这个政策就是个好政策。如果能让70%以上的人满意，这个政策就可以被用几十年甚至100年。所以，建议有关部门的压力不要那么大，而且部门竞争在这方面内卷真是意义不大。PS：你出去带100个党员过了马路，到马路另一头说不定就只剩下90不到了。
273,根据美国约翰霍普金斯大学统计，100%的美国民众对拜登政府感到反感！
274,到目前看来学校对“双减”相当配合，但是家长好像并不同意“减负”。要学校响应“减负”很简单，加强监管，加大惩罚力度。大部分学校是不敢逾越红线的。但是怎么给家长“思想”做“减负”工作，就是一个大难题了。家长“思想”不“减负”，就会给学校施压，给教育机构利益，最终“减负”也只是名存实亡的东西罢了。
275,我不明白，减负之后是优质高等教育资源增多了还是考试人数减少了，根的问题解决不了，减负注定只能是一场运动。
276,也不是所有学校都减了，放了三天，辅导小朋友做了两整天作业
277,教育部是从调查问卷里得出来的结论吧，家长敢写不满意吗？各种调查问卷是学校发的，而且记名，需要填写上家长和孩子的信息。家长敢说不满意吗？后续学校找来耗不起啊。家长天天一堆表要填，反馈要写，老师不布置作业了，家长敢让孩子不复习吗？
278,反正你们折腾，等我结婚生子的时候情况应该变了，是啥情况，更好还是更坏，看天吧～
279,意思是不满意的都是二百五啊？
280,我也填了问卷调查。作业时间我选了2小时以上我女儿跑过来说，不行，老师上课时说要填一小时以内我。。。。。。
281,当我看到这种媒体消息的时候，本能反应是质疑这个统计数据的真实性
282,明确的说，我是那2.5。很不满意。
283,我也看了，上面给我们发的问卷。根本不是在问对双减这个政策满意不满意，而是对学校开展的双减活动满意不满意。这俩差别太大了，哪个家长会没事找事给学校填差评。这问卷出的，一点价值都没有
284,呀呀呀，自己出试卷，自己改试卷，自己打分。100分都没有，你好意思吗？
285,95后，家里还留着当年被老师贴过小红花的作业本。遥想当年，一二年级的作业虽然看起来基础，但是都是打地基的东西，数学的运算，写数字，语文的字词，当年我们还用的是苏教版，语文教材比较难，二年级要会写大写的壹贰叁肆…老师每节课前会挑同学到黑板上写，因为这个被挂在黑板上了…所以印象深刻….我也不是天资聪颖的人，数学的运算纯粹就是妈妈逼着我天天练习，做口算题卡做练习册，熟能生巧，这些都是一二年级该做的事，当年学校老师也会在家长会上强调这个事…现在我也是一名老师，教五年级，各种吐槽就不说了，我们学校从四年级开始就要全区统考，现在的成绩已经啥也不是了，五年级还在练口算题卡你敢信？我当年五年级老师已经在布置奥数题了…除了作业之外每天都有两三道比较难的奥数题，后来上初中了才知道那玩意都是初中的题….
286,印象里，那个调查问卷的问题是：你对学校的减负工作满意吗？而不是问我对执行减负的意见，在执行这个政策之前，你们也没问我们的意见。说实话，我担心我填不满意，你们减的更厉害。
287,那2.5%是什么人？有什么目的？谁指使他们不满意的?居然今天就敢不满意了，他们以后还敢什么我都不敢想了！为什么不懂得感恩?
288,97.5%，不知道哪来的数据。
289,成效？是我傻了吗。我不知道其他地方怎么样，但我这里从来都以为减负只是说说而已。我初中那会，特意租了离学校近的地方，就这还必须六点起来，因为学校要求至少六点四十到，要是哪一天打扫卫生，还得提前十分钟。晚自习放学，冬天夏天轮换着来，有时候八点二十放学，有时候八点四十放学。你要是管这玩意叫减负，我真无话可说了。到现在也是这样，丝毫不变，我还觉得自从要求职高和普高的人数指标后，会更残酷呢。我居住的是个小县城，其他地方我就不知道了。我估摸着大部分小县城也是这样的吧。我也不属于百分之二点五那部分。因为我压根就没评价过，我父母也没评价过这玩意成效，因为大家都知道双减只是说说而已。
290,竟然不是100%
291,我不算真正的家长，具体来说我是姐姐，自从双减政策下来我的妹妹以及我妈其实emmmmm，并没有轻松，我妈表示十分崩溃，因为怎么说呢。双减老师轻松了，家长却在水深火热中，学校延时只允许做四十分钟的作业其他时间都在玩，但是这四十分钟并能完美让我妹妹巩固好当天的知识点，回家我妈还要进行辅导，同时作业这方面学校也不允许带字帖和口算卡练习册，都叫父母自己买了在家写，以至于我妈下了班还要检查我妹妹的作业，但是你说不叫她写让她玩不管是做妈妈的我妈还是做姐姐的我都不是很赞成，因为中高考的严峻，日渐缩小的升学率，江西离谱的高考分数线，以及隐藏分班考的压力，没考上面对无用的中专学校的这些都是让人无法承受的焦虑无法放心去让自己去信任双减
292,看到这么多调侃的回答，终于意识到对培训机构严管是没有问题的，你看把这些人急的啊……近六千万的数据，结合调查问卷是委托老师发给家长的，以家长的习惯（完成任务的心态），这样的统计结果可以难理解啊，应该是负偏态分布，并且大多数是满意，认为对极端值估计不足，能差出5%吗？就算真实有10%的不满意，有啥关系，100个知乎答主里也可能有不止1个培训机构从业者，所以有接近150万不满意，多正常。又不是搞科学研究，还要给你抽样校核下？这个数据说明双减大多数家长是满意的，一点毛病都没有。
293,人为统计的一切数据完全没有任何参考价值
294,不不不，数据错了不是97.5%，是100%！！
295,双减到位了，培训机构不一定真的做到没有补习功课。
296,家长敢不满意？那部长明天不要上班了
297,双减政策利好城市学生，无论是一线、二线还是三四线城市都是利好，毕竟一般市里面的学校基础设施，环境资金等等都可以在双减政策下，达成所要求的表象。农村学生要想考大学只能会越来越困难。看了很多答案，现在不仅仅是禁辅导班，连学校的教学活动也改了，不考试，不拓展，就学书上那一点点知识，哪怕将来考试就按简单的出，这些学生在以后的人生路上该补回去还的补回去。有个答案的评论区里面说他们班学习成绩最烂的学生，毕业后也能快速拼音打字，还说只有一个人品质好，懂的怎么做事，一个职业技工都比研究生强，我只能说个例不能代表全部，其次数学里面的三角函数，语文古诗词呀，确实从日常生活来讲没有什么作用，可人不会仅仅局限于日常生活中的点点滴滴，古诗词都有问题基本就告别阅读古文了，自然也欣赏不了古诗词的美，三角函数有问题基本就告别理工科了。我们义务教育阶段学的很多东西，包括后来学的东西看似没有用，实质是自己用了而不自知，还有一点，人不可能脱离实际而获得更多东西，理论指导实践，实践检验理论，如果真的上文里面的职业技工，他存在的问题可能就是只会实践，但是实践也是正确与错误之分的。
298,老师第一天在我们孩子群里发的，哎，怎么说呢，末端产业做不大，蛋糕做不大，无法减负，毕竟都要工作，我们应该创造争取更多就业岗位，提升高端产业竞争力，有更多的岗位不用卷就没有这些压力了，随便减负还不是这些学生吗？
299,我居然是这个国家里那2.5％刺头。。。。。。
300,我甚至怀疑不满意的2.5％的家长都在我身边。
301,我妈他们区教育局要求考察课后留校率，然后我妈学校校长就积极响应号召，要求班主任做工作课后全班留校，然后就给半个小时写作业其余时间课外活动？逆大天了属于是本来挺好一政策又被这群人搞成了考核项目，人家有的家长有时间看着孩子学校还硬留挺无语的
302,问卷真实性有多少？我们都是一人操作所有上级直接给了标准答案开会安排你这样操作这样回答不过我们是乡镇寄宿学校会双减吗目前还是没有的学生五点起床晚上九点多晚自习结束
303,问卷标准答案都给家长了，能不满意吗。另外问一句，不满意的选项有吗？怕不是，非常满意，比较满意，一般满意吧。
304,学术型人才的领导，永远不了解一线教师的困扰
305,数据肯定不准，不用怀疑。
306,虽然下面很多人在阴阳怪气问卷但是我还是不太了解，难道家长应该对“双减政策”不满意吗？我想不到不满意的理由
307,主要还是不同家长不同感受吧毕竟录取率还是摆在那里，影响到的就是可上可下的那一拨子孩子1、本来就比较佛系的家长，孩子成绩本生就不太好，菜场小学、菜场中学随便上上，双不双减对他们没有影响啊，现在学校提供晚托服务简直是再好不过了；2、本来就自己很能教，孩子也很优秀的家长，辅导不辅导本身就是锦上添花，他们本来就是双减政策下要被选拔出来的那一批，所以也无所谓；3、那些本来靠着鸡血和没日没夜辅导上去的这部分孩子的家长就比较头疼了，我本来以为这部分家长占了绝大多数啊，想不到97.5的满意度，那说明这部分家长，要么就是心态调整的快，要么就是本身基数就不大所以这部分家长现在就三条路了：1、一部分超级牛的家长，靠自己的修为推孩子上大学2、另一部分有门路的家长，暗搓搓的给孩子找一对一3、比较广大的一部分，转战周中班，也不能参加学校的晚托，孩子还累的要死
308,这就相当于zf举办地铁、路边停车收费啦等等的听证会，你们知道吗？大概可能新闻划拉过，可是那些市民代表你们见过，认识吗？怎么选出来的？！你们关心吗？！有渠道要求你们选择和投票了吗？为什么大家不关心，还不是因为：最后听证会的结果都是毫无意外，毫无悬念的涨价，收钱！
309,超9成家长对本学期老师未给家长布置作业。嗯，本学期开学没？开学几天了？都在忙啥呢？开始到需要布置作业的时间了么？97.5%家长对新学期减负措施表示满意，其实我想问，新学期的减负措施是啥呢？学校有颁布什么“措施”吗？顶多只是还未来得及颁布措施罢了。所以问题来了，现在还没来得及颁布措施，那我该说满意还是不满意呢？如果不满意，您是不是就要说，有家长对于学校没有早早布置作业不满意——所以家长支持早早布置作业？嘿，反正这种选择题的调查问卷，黑白都是你说了算，不是吗？
310,这次问卷调查是教育通过网络问卷的方式采集的数据，一共有18道问题。截至到9月20日前由全国的家长完成问卷的回答。这是调查问卷18道问题：问卷的设计中规中矩，没有很多回答说得那么偏颇。
311,看了眼问卷，没有填，毫无意义，学生和家长需要的不是减负或者说所谓的减负，减负工作对于学生成绩和发展目前看不出来有什么意义，反正学校不布置作业了，我家孩子回家还是得买习题做。
312,老师累的要死，我和女朋友约会还得先陪她备完课，太离谱了吧。
313,别说这个了，从还没写完毕业论文开始导师就在发学院的通知，告知教育部即将发送给研究生评价调研的邮件，要求按照标准答案填写。直到毕业了还在催导师单独发…这算不算威胁？
314,求求你们别折腾家长了，填表填麻了，各种摊派的任务，投票，调研，上班已经很累了
315,可不敢不满意
316,大家不要过于乐观，双减只减公立学校，私立学校的孩子还在拼命刷题呢！别到时候自己的孩子成了给私立学校陪跑的！总是搞双标，总是整公立，私立学校总有各种特权，有些人却视而不见
317,今天才是我所在城市实施课后服务（延时放学）的第二天，没想到问卷调查结果都出来了，牛！
318,这题我会，我帮我妹答的问卷。班主任提供的答题模板，这结果的真实性不准确。
319,就想问问是不是真有人填表的时候敢不满意？
320,我儿子今年刚上一年级，他的鸡血妈跟他报了5个课外辅导班。前天学校发了调查表要求填写小孩辅导班情况，在老婆淫威下，我含着眼泪填了“无”
321,怎么是搜狐新闻呀，这人民日报不宣传一波双减的成效？这次的问卷可不是当初的几百份精神鸦片能比的5737.7万份问卷，97.5%的满意度这2.5%的143.44W不满意在哪呢？可得好好调查怎么不把问卷公开一下，让我们看看是什么不满意老师对这个双减的评价怎么不做个调查？满意度应该在98.5%吧，但是给给100%一个面子
322,这种自欺欺人的数据真的别拿出来宣传了，自high一下得了
323,竟然有超过4成的家长没有填非常满意。这些学校的工作怎么做的，点名批评一下。
324,看到标题笑死
325,目标都不知道找不到，怎么打的准嘛！根是“思想观念”好嘛。
326,开补习班的家长，或者是损害了他们利益相关的，肯定不满意啦
327,为啥我从小到大都没接受过类似的调查问卷。。。无论关于什么的调查，都没参与过。惨
328,这个比例也太整了一点吧？我先在这里盲猜一个40样本数，且采样严重有偏。
329,作为家长是很满意啊，轻松不少。一群答主抱怨的点很奇怪啊，没给你不满意的的权利？从哪看出来的？知乎封你号了？还是你作为家长没收到这个问卷调查表？问卷表作假了？作为国家部委不至于这个上面造假吧？
330,星际穿越里有一幕主角去学校开家长会老师：你儿子成绩还行主角：是么老师：但是他不够上大学只能当农民主角：你只靠一个数字就决定让我儿子当农民？给你买条裤子还得需要两个数字呢老师：别这样你知道我们现在这个时代已经不需要工程师了而是需要更多的农民不然我们都会饿死主角：你知道今天为什么是我来和你们开家长会么因为孩子他妈脑子里生了肿瘤而你们没有机器查出来因为没有工程师会造那种叫核磁共振的玩意！
331,满意个鬼“双减政策”规定了上学时间不得早于多少，但没规定放学时间啊自从实行了“双减政策”，我弟的学校，上学时间延后十五分钟，但中放学时间延后四十分钟，下午放学延后半小时。我听他说，之前中午一点基本都能在床上睡着，而现在中午一点还在吃饭……严重打乱学生作息时间虽然可能是个别例子，但我也想说，这政策既然还有这么地方可以完善，怎么还会有如此之高的满意率?
